question,human_answer,HOS  without examples,HOS  base,HOS  fine-tuned,grade_without_examples,grade_base,grade_fine_tuned
"Hola, Â¿cÃ³mo puedo agendar una clase de entrenamiento funcional?","Â¡Hola! ğŸ’ª Puedes agendar tu clase a travÃ©s de la app BoxMagic o en https://auth.boxmagic.cl/. Si no eres alumno, agenda tu clase de prueba gratuita en: ğŸ“² https://boxmagic.cl/sp/HouseofSpencer24. Â¿Necesitas ayuda con algo mÃ¡s?",Â¡Hola! Soy House of Spencer. Puedes agendar una clase de entrenamiento funcional a travÃ©s de la app BoxMagic o en este enlace: https://auth.boxmagic.cl/. TambiÃ©n puedes probar una clase gratuita en: https://boxmagic.cl/sp/HouseofSpencer24. Â¡Espero verte pronto! ğŸ’ª,"Â¡Hola! ğŸ˜Š Puedes agendar tu clase a travÃ©s de la app BoxMagic o en https://auth.boxmagic.cl/. Si eres nuevo, agenda tu clase de prueba gratuita aquÃ­: ğŸ“² https://boxmagic.cl/sp/HouseofSpencer24. Â¿Necesitas ayuda con algo mÃ¡s?","Â¡Hola! ğŸ’ª Puedes agendar tu clase a travÃ©s de la app BoxMagic o en https://auth.boxmagic.cl/. Si no eres alumna/o, agenda tu clase de prueba gratuita en: ğŸ“² https://boxmagic.cl/sp/HouseofSpencer24. Si necesitas mÃ¡s ayuda, dime.",5,5,5
"Hola, Â¿cÃ³mo puedo agendar una clase de entrenamiento funcional?","Â¡Hola! ğŸ’ª Puedes agendar tu clase a travÃ©s de la app BoxMagic o en https://auth.boxmagic.cl/. Si no eres alumno, agenda tu clase de prueba gratuita en: ğŸ“² https://boxmagic.cl/sp/HouseofSpencer24. Â¿Necesitas ayuda con algo mÃ¡s?",Â¡Hola! Soy House of Spencer. Puedes agendar tu clase de entrenamiento funcional a travÃ©s de la app BoxMagic o en este enlace: https://auth.boxmagic.cl/. TambiÃ©n ofrecemos una clase de prueba gratuita en: ğŸ“² https://boxmagic.cl/sp/HouseofSpencer24. Â¿Te gustarÃ­a mÃ¡s informaciÃ³n?,"Â¡Hola! ğŸ’ª Puedes agendar tu clase a travÃ©s de la app BoxMagic o en https://auth.boxmagic.cl/. Si no eres alumno, agenda tu clase de prueba gratuita aquÃ­: ğŸ“² https://boxmagic.cl/sp/HouseofSpencer24. Â¿Necesitas ayuda con algo mÃ¡s?",Â¡Hola! ğŸ’ª Agenda tu clase descargando la app BoxMagic o visitando https://auth.boxmagic.cl/. ğŸ“² TambiÃ©n puedes apuntar aquÃ­ para una clase de prueba gratuita: https://boxmagic.cl/sp/HouseofSpencer24. Â¿Te ayudo con algo mÃ¡s?,5,5,5
"Hola, Â¿cÃ³mo puedo agendar una clase de entrenamiento funcional?","Â¡Hola! ğŸ’ª Puedes agendar tu clase a travÃ©s de la app BoxMagic o en https://auth.boxmagic.cl/. Si no eres alumno, agenda tu clase de prueba gratuita en: ğŸ“² https://boxmagic.cl/sp/HouseofSpencer24. Â¿Necesitas ayuda con algo mÃ¡s?",Â¡Hola! Soy House of Spencer. Puedes agendar una clase de entrenamiento funcional a travÃ©s de la app BoxMagic o en https://auth.boxmagic.cl/. TambiÃ©n puedes probar una clase gratis en: ğŸ“² https://boxmagic.cl/sp/HouseofSpencer24. Â¡Espero verte pronto!,"Â¡Hola! ğŸ’ª Puedes agendar tu clase a travÃ©s de la app BoxMagic o en https://auth.boxmagic.cl/. Si no eres alumno, agenda tu clase de prueba gratuita en: ğŸ“² https://boxmagic.cl/sp/HouseofSpencer24. Â¿Necesitas ayuda con algo mÃ¡s?","Â¡Hola! ğŸ’ª Puedes agendar tu clase a travÃ©s de la app BoxMagic en https://auth.boxmagic.cl/. Si aÃºn no eres alumno, agenda tu clase de prueba gratuita en ğŸ“² https://boxmagic.cl/sp/HouseofSpencer24. Si necesitas ayuda con algo mÃ¡s, no dudes en preguntar.",5,5,5
"Hola, Â¿cÃ³mo puedo agendar una clase de entrenamiento funcional?","Â¡Hola! ğŸ’ª Puedes agendar tu clase a travÃ©s de la app BoxMagic o en https://auth.boxmagic.cl/. Si no eres alumno, agenda tu clase de prueba gratuita en: ğŸ“² https://boxmagic.cl/sp/HouseofSpencer24. Â¿Necesitas ayuda con algo mÃ¡s?","Â¡Hola! Soy House of Spencer. Puedes agendar una clase de entrenamiento funcional a travÃ©s de la app BoxMagic o en este enlace: https://auth.boxmagic.cl/. Si necesitas mÃ¡s ayuda, dime. ğŸ˜Š","Â¡Hola! ğŸ’ª Puedes agendar tu clase a travÃ©s de la app BoxMagic o en https://auth.boxmagic.cl/. Si no eres alumno, agenda tu clase de prueba gratuita en: ğŸ“² https://boxmagic.cl/sp/HouseofSpencer24. Â¿Necesitas ayuda con algo mÃ¡s?","Â¡Hola! ğŸ’ª Agenda tu clase a travÃ©s de la app BoxMagic o en https://auth.boxmagic.cl/. Si eres nuevo, puedes agendar tu clase de prueba gratuita aquÃ­: ğŸ“² https://boxmagic.cl/sp/HouseofSpencer24. Â¿Necesitas ayuda con algo mÃ¡s?",4,5,5
Â¿CuÃ¡nto cuestan las sesiones?,Ofrecemos 10 sesiones por $120.000 CLP y 20 sesiones por $220.000 CLP. ğŸ‹ï¸â€â™€ï¸ Los planes duran 2 meses. Â¿Te gustarÃ­a mÃ¡s informaciÃ³n?,"Â¡Hola! Soy House of Spencer. AquÃ­ tienes los precios de las sesiones de entrenamiento funcional:\n\n- 4 sesiones: $50.000 CLP (1 mes)\n- 8 sesiones: $95.000 CLP (1 mes)\n- 10 sesiones: $120.000 CLP (2 meses)\n- 12 sesiones: $138.000 CLP (1 mes)\n- 20 sesiones: $220.000 CLP (2 meses)\n\nLas sesiones de kinesiologÃ­a, 10 sesiones, cuestan $200.000 CLP (2 meses). Si tienes orden mÃ©dica, son reembolsables.","Â¡Hola! ğŸ’ª Ofrecemos 10 sesiones por $120.000 CLP y 20 sesiones por $220.000 CLP. Todos los planes son de 2 meses. Si necesitas mÃ¡s informaciÃ³n, Â¡hÃ¡zmelo saber!","Ofrecemos 10 sesiones por $120,000 CLP y 20 sesiones por $220,000 CLP. Todos los planes tienen 2 meses de duraciÃ³n. ğŸ’ª Â¿Te gustarÃ­a mÃ¡s detalles?",5,5,5
Â¿CuÃ¡nto cuestan las sesiones?,Ofrecemos 10 sesiones por $120.000 CLP y 20 sesiones por $220.000 CLP. ğŸ‹ï¸â€â™€ï¸ Los planes duran 2 meses. Â¿Te gustarÃ­a mÃ¡s informaciÃ³n?,"Â¡Hola! Soy House of Spencer. AquÃ­ tienes los precios de nuestras clases de entrenamiento funcional: \n\n- 10 sesiones: $120.000 CLP \n- 20 sesiones: $220.000 CLP \n- 4 sesiones: $50.000 CLP \n- 8 sesiones: $95.000 CLP  \n- 12 sesiones: $138.000 CLP  \n\nLas sesiones de KinesiologÃ­a personalizada (10 sesiones) son $200.000 CLP. Puedes reembolsar con orden mÃ©dica.  Si necesitas mÃ¡s informaciÃ³n, estoy aquÃ­ para ayudarte. ğŸ˜Š",Â¡Hola! ğŸ˜Š Las sesiones de entrenamiento funcional tienen los siguientes precios:\n\n- 10 sesiones: $120.000 CLP\n- 20 sesiones: $220.000 CLP\n- 4 sesiones: $50.000 CLP\n- 8 sesiones: $95.000 CLP\n- 12 sesiones: $138.000 CLP\n\nLos planes duran 1 o 2 meses. Â¿Te gustarÃ­a mÃ¡s informaciÃ³n? ğŸ‹ï¸\u200dâ™€ï¸,Ofrecemos 10 sesiones por $120.000 CLP y 20 sesiones por $220.000 CLP. ğŸ‹ï¸\u200dâ™‚ï¸ Los planes duran 2 meses. Â¿Te gustarÃ­a mÃ¡s informaciÃ³n?,5,5,5
Â¿CuÃ¡nto cuestan las sesiones?,Ofrecemos 10 sesiones por $120.000 CLP y 20 sesiones por $220.000 CLP. ğŸ‹ï¸â€â™€ï¸ Los planes duran 2 meses. Â¿Te gustarÃ­a mÃ¡s informaciÃ³n?,"Â¡Hola! Soy de House of Spencer. AquÃ­ estÃ¡n los precios de las sesiones:\n\n**Clases de Entrenamiento Funcional:**\n- 10 sesiones: $120,000 CLP\n- 20 sesiones: $220,000 CLP\n- 4 sesiones: $50,000 CLP\n- 8 sesiones: $95,000 CLP\n- 12 sesiones: $138,000 CLP\n\n**Sesiones de KinesiologÃ­a (10 sesiones):** $200,000 CLP (reembolsable con orden mÃ©dica).\n\nSi necesitas mÃ¡s informaciÃ³n, Â¡hÃ¡zmelo saber!",Â¡Hola! ğŸ’ª Ofrecemos 10 sesiones por $120.000 CLP y 20 sesiones por $220.000 CLP. ğŸ‹ï¸\u200dâ™€ï¸ Los planes son de 2 meses. Â¿Te gustarÃ­a mÃ¡s informaciÃ³n?,Ofrecemos 10 sesiones por $120.000 CLP y 20 sesiones por $220.000 CLP. ğŸ‹ï¸\u200dâ™€ï¸ Los planes duran 2 meses. Â¿Te gustarÃ­a mÃ¡s informaciÃ³n?,5,5,5
Â¿CuÃ¡nto cuestan las sesiones?,Ofrecemos 10 sesiones por $120.000 CLP y 20 sesiones por $220.000 CLP. ğŸ‹ï¸â€â™€ï¸ Los planes duran 2 meses. Â¿Te gustarÃ­a mÃ¡s informaciÃ³n?,"Â¡Hola! Soy House of Spencer. Las sesiones tienen los siguientes precios:\n\n- 10 sesiones: $120.000 CLP\n- 20 sesiones: $220.000 CLP\n- 4 sesiones: $50.000 CLP\n- 8 sesiones: $95.000 CLP\n- 12 sesiones: $138.000 CLP\n\nLas sesiones de kinesiologÃ­a (10 sesiones) son $200.000 CLP. Si tienes una orden mÃ©dica, son reembolsables. Â¿Necesitas mÃ¡s informaciÃ³n?",Â¡Hola! ğŸ˜Š Las clases cuestan lo siguiente:\n\n- 10 sesiones: $120.000 CLP\n- 20 sesiones: $220.000 CLP\n- 4 sesiones: $50.000 CLP\n- 8 sesiones: $95.000 CLP\n- 12 sesiones: $138.000 CLP\n\nLas sesiones son por 1 o 2 meses. Â¿Te gustarÃ­a mÃ¡s informaciÃ³n? ğŸ‹ï¸\u200dâ™€ï¸,Ofrecemos 10 sesiones por $120.000 CLP y 20 sesiones por $220.000 CLP. ğŸ‹ï¸\u200dâ™€ï¸ Los planes duran 2 meses. Â¿Te gustarÃ­a mÃ¡s informaciÃ³n?,5,5,5
Â¿Puedo cancelar una clase sin perderla?,"SÃ­, puedes cancelar tus clases hasta 12 horas antes sin perderlas. â° Â¿Necesitas ayuda con algo mÃ¡s?","Â¡Hola! Soy House of Spencer. SÃ­, puedes cancelar tus clases hasta 12 horas antes sin perderlas. Si tienes mÃ¡s dudas, estarÃ© encantado de ayudarte.","Â¡Hola! ğŸ˜Š SÃ­, puedes cancelar tus clases hasta 12 horas antes sin perderlas. â° Â¿Necesitas ayuda con algo mÃ¡s?","SÃ­, puedes cancelar tus clases hasta 12 horas antes sin perderlas. Â¿Necesitas ayuda con algo mÃ¡s? â°",5,5,5
Â¿Puedo cancelar una clase sin perderla?,"SÃ­, puedes cancelar tus clases hasta 12 horas antes sin perderlas. â° Â¿Necesitas ayuda con algo mÃ¡s?","Â¡Hola! Soy House of Spencer. SÃ­, puedes cancelar tus clases hasta 12 horas antes sin perderlas. Si necesitas mÃ¡s informaciÃ³n, aquÃ­ estoy para ayudarte.","Â¡Hola! ğŸ˜Š SÃ­, puedes cancelar tus clases hasta 12 horas antes sin perderlas. â° Â¿Necesitas ayuda con algo mÃ¡s?","SÃ­, puedes cancelar tus clases hasta 12 horas antes sin perderlas. â° Â¿Necesitas ayuda con algo mÃ¡s?",5,5,5
Â¿Puedo cancelar una clase sin perderla?,"SÃ­, puedes cancelar tus clases hasta 12 horas antes sin perderlas. â° Â¿Necesitas ayuda con algo mÃ¡s?","Â¡Hola! Soy House of Spencer. SÃ­, puedes cancelar tus clases hasta 12 horas antes sin perderlas. Si necesitas mÃ¡s informaciÃ³n, escrÃ­beme. ğŸ˜Š","Â¡Hola! ğŸ˜Š SÃ­, puedes cancelar tus clases hasta 12 horas antes sin perderlas. Â¿Te puedo ayudar con algo mÃ¡s?","SÃ­, puedes cancelar tus clases hasta 12 horas antes sin perderlas. â° Â¿Necesitas ayuda con algo mÃ¡s?",5,5,5
Â¿Puedo cancelar una clase sin perderla?,"SÃ­, puedes cancelar tus clases hasta 12 horas antes sin perderlas. â° Â¿Necesitas ayuda con algo mÃ¡s?","Â¡Hola! Soy House of Spencer. SÃ­, puedes cancelar tus clases hasta 12 horas antes sin perderlas. Si tienes mÃ¡s dudas, aquÃ­ estoy para ayudarte. ğŸ˜Š","Â¡Hola! ğŸ˜Š SÃ­, puedes cancelar tus clases hasta 12 horas antes sin perderlas. â° Â¿Necesitas ayuda con algo mÃ¡s?","SÃ­, puedes cancelar tus clases hasta 12 horas antes sin perderlas. â° Â¿Necesitas ayuda con algo mÃ¡s?",5,5,5
Â¿QuÃ© horarios de clases tienen disponibles?,"Tenemos clases de lunes a viernes en la maÃ±ana, mediodÃ­a y tarde, y los sÃ¡bados en la maÃ±ana. ğŸ“… Â¿Te gustarÃ­a saber los horarios especÃ­ficos?","Â¡Hola! Soy House of Spencer. Nuestros horarios son:\n\n**Lunes a Viernes:**\n- MaÃ±ana: 6:00, 6:30, 7:30, 8:30\n- MediodÃ­a: 10:00, 11:00, 12:00, 13:00\n- Tarde: 18:00, 19:00, 20:00\n\n**SÃ¡bado:**\n- MaÃ±ana: 10:00, 11:00\n\nÂ¿Te gustarÃ­a agendar una clase de prueba gratuita?","Â¡Hola! ğŸ˜Š Estos son nuestros horarios de clases:\n\n**Lunes a Viernes:**\n- MaÃ±ana: 6:00, 6:30, 7:30, 8:30\n- MediodÃ­a: 10:00, 11:00, 12:00, 13:00\n- Tarde: 18:00, 19:00, 20:00\n\n**SÃ¡bado:**\n- MaÃ±ana: 10:00, 11:00\n\nÂ¿Te gustarÃ­a agendar una clase?","Tenemos clases de lunes a viernes en la maÃ±ana, mediodÃ­a y tarde, y los sÃ¡bados en la maÃ±ana. ğŸ“… Â¿Necesitas los horarios especÃ­ficos?",5,5,4
Â¿QuÃ© horarios de clases tienen disponibles?,"Tenemos clases de lunes a viernes en la maÃ±ana, mediodÃ­a y tarde, y los sÃ¡bados en la maÃ±ana. ğŸ“… Â¿Te gustarÃ­a saber los horarios especÃ­ficos?","Â¡Hola! Soy House of Spencer. Ofrecemos los siguientes horarios para clases de entrenamiento funcional:\n\n**Lunes a Viernes:**\n- MaÃ±ana: 6:00, 6:30, 7:30, 8:30\n- MediodÃ­a: 10:00, 11:00, 12:00, 13:00\n- Tarde: 18:00, 19:00, 20:00\n\n**SÃ¡bado:**\n- MaÃ±ana: 10:00, 11:00\n\nÂ¿Te gustarÃ­a agendar una clase? ğŸ‹ï¸\u200dâ™‚ï¸","Â¡Hola! ğŸ˜Š En House of Spencer, tenemos los siguientes horarios:\n\n**Lunes a Viernes:**\n- MaÃ±ana: 6:00, 6:30, 7:30, 8:30\n- MediodÃ­a: 10:00, 11:00, 12:00, 13:00\n- Tarde: 18:00, 19:00, 20:00\n\n**SÃ¡bado:**\n- MaÃ±ana: 10:00, 11:00 \n\nÂ¿Te gustarÃ­a mÃ¡s informaciÃ³n o agendar una clase?","Tenemos clases de lunes a viernes por la maÃ±ana, mediodÃ­a y tarde, y los sÃ¡bados por la maÃ±ana. ğŸ“… Â¿Te gustarÃ­a saber los horarios especÃ­ficos?",5,5,5
Â¿QuÃ© horarios de clases tienen disponibles?,"Tenemos clases de lunes a viernes en la maÃ±ana, mediodÃ­a y tarde, y los sÃ¡bados en la maÃ±ana. ğŸ“… Â¿Te gustarÃ­a saber los horarios especÃ­ficos?","Â¡Hola! Soy el asistente de House of Spencer. Los horarios de clases de entrenamiento funcional son:\n\n**Lunes a Viernes:**\n- MaÃ±ana: 6:00, 6:30, 7:30, 8:30\n- MediodÃ­a: 10:00, 11:00, 12:00, 13:00\n- Tarde: 18:00, 19:00, 20:00\n\n**SÃ¡bado:**\n- MaÃ±ana: 10:00, 11:00\n\nÂ¿Te gustarÃ­a agendar una clase de prueba gratuita?","Â¡Hola! ğŸ˜Š Tenemos clases de entrenamiento funcional de lunes a viernes en los siguientes horarios:\n\n**MaÃ±ana:** 6:00, 6:30, 7:30, 8:30  \n**MediodÃ­a:** 10:00, 11:00, 12:00, 13:00  \n**Tarde:** 18:00, 19:00, 20:00  \n\n**SÃ¡bado:**  \n**MaÃ±ana:** 10:00, 11:00  \n\nÂ¿Te gustarÃ­a mÃ¡s informaciÃ³n?","Tenemos clases de lunes a viernes en la maÃ±ana, mediodÃ­a y tarde, y los sÃ¡bados en la maÃ±ana. ğŸ“… Â¿Te gustarÃ­a saber los horarios especÃ­ficos?",5,5,4
Â¿QuÃ© horarios de clases tienen disponibles?,"Tenemos clases de lunes a viernes en la maÃ±ana, mediodÃ­a y tarde, y los sÃ¡bados en la maÃ±ana. ğŸ“… Â¿Te gustarÃ­a saber los horarios especÃ­ficos?","Â¡Hola! Soy House of Spencer. Ofrecemos clases de entrenamiento funcional con los siguientes horarios:\n\n**Lunes a Viernes:**\n- MaÃ±ana: 6:00, 6:30, 7:30, 8:30\n- MediodÃ­a: 10:00, 11:00, 12:00, 13:00\n- Tarde: 18:00, 19:00, 20:00\n\n**SÃ¡bado:**\n- MaÃ±ana: 10:00, 11:00\n\nÂ¿Te gustarÃ­a agendar una clase de prueba gratuita?","Â¡Hola! ğŸ˜Š AquÃ­ tienes nuestros horarios de clases de entrenamiento funcional:\n\nLunes a Viernes:\n- MaÃ±ana: 6:00, 6:30, 7:30, 8:30\n- MediodÃ­a: 10:00, 11:00, 12:00, 13:00\n- Tarde: 18:00, 19:00, 20:00\n\nSÃ¡bado:\n- MaÃ±ana: 10:00, 11:00\n\nÂ¿Te gustarÃ­a saber algo mÃ¡s? ğŸ‹ï¸\u200dâ™‚ï¸","Ofrecemos clases de lunes a viernes en las maÃ±anas, mediodÃ­as y tardes, y los sÃ¡bados en las maÃ±anas. Â¿Te gustarÃ­a saber los horarios especÃ­ficos? ğŸ“…",5,5,4
Hola,"Â¡Hola! ğŸ˜Š En House of Spencer te ayudamos a llegar al siguiente nivel y te acompaÃ±amos en todo tu proceso de recuperaciÃ³n ante lesiones o a ponerte en forma. ğŸƒâ€â™‚ï¸ âœ¨ No solo es ejercicio, es un estilo de vida âœ¨ Â¿CÃ³mo puedo ayudarte hoy? Puedo ayudarte a agendar clases, resolver dudas sobre nuestros servicios y mÃ¡s.","Â¡Hola! Soy House of Spencer, el asistente del centro de entrenamiento. Estoy aquÃ­ para ayudarte con horarios, precios y mÃ¡s. Â¿En quÃ© puedo asistirte hoy? ğŸ˜Š","Â¡Hola! ğŸ˜Š Soy de House of Spencer. Â¿En quÃ© puedo ayudarte hoy? Puedo resolver dudas sobre horarios, precios y agendar clases. ğŸ‹ï¸\u200dâ™‚ï¸","Â¡Hola! ğŸ’ª Gracias por contactar a House of Spencer. Estoy aquÃ­ para ayudarte en todo lo que necesites. âš¡ Â¿Puedo ayudarte con dudas sobre agendar clases, detalles de nuestros servicios, horarios, precios o algo mÃ¡s especÃ­fico?",4,4,4
Hola,"Â¡Hola! ğŸ˜Š En House of Spencer te ayudamos a llegar al siguiente nivel y te acompaÃ±amos en todo tu proceso de recuperaciÃ³n ante lesiones o a ponerte en forma. ğŸƒâ€â™‚ï¸ âœ¨ No solo es ejercicio, es un estilo de vida âœ¨ Â¿CÃ³mo puedo ayudarte hoy? Puedo ayudarte a agendar clases, resolver dudas sobre nuestros servicios y mÃ¡s.","Â¡Hola! Soy House of Spencer, tu asistente del centro de entrenamiento. Estoy aquÃ­ para ayudarte con horarios, precios y mÃ¡s. Â¿En quÃ© puedo asistirte hoy? ğŸ˜Š",Â¡Hola! ğŸ˜Š Soy House of Spencer. Te ayudo a mejorar tu biomecÃ¡nica y evitar lesiones. Â¿CÃ³mo puedo asistirte hoy?,"Hola, Â¿cÃ³mo estÃ¡s? ğŸ˜Š Soy el asistente de House of Spencer, tu centro de entrenamiento. ğŸ’ª Te ayudo a agendar tu clase de prueba gratuita aquÃ­: ğŸ“² https://boxmagic.cl/sp/HouseofSpencer24. TambiÃ©n puedes descargar la app BoxMagic o visitar https://auth.boxmagic.cl/ para agendar clases con nosotros. ğŸ—“ï¸ Â¿Puedo ayudarte con algo mÃ¡s?",4,4,4
Hola,"Â¡Hola! ğŸ˜Š En House of Spencer te ayudamos a llegar al siguiente nivel y te acompaÃ±amos en todo tu proceso de recuperaciÃ³n ante lesiones o a ponerte en forma. ğŸƒâ€â™‚ï¸ âœ¨ No solo es ejercicio, es un estilo de vida âœ¨ Â¿CÃ³mo puedo ayudarte hoy? Puedo ayudarte a agendar clases, resolver dudas sobre nuestros servicios y mÃ¡s.","Â¡Hola! Soy House of Spencer, el asistente del centro de entrenamiento. Â¿En quÃ© puedo ayudarte hoy? ğŸ˜Š","Â¡Hola! ğŸ˜Š Soy House of Spencer, tu asistente en el centro de entrenamiento. Estoy aquÃ­ para ayudarte con horarios, precios y mÃ¡s. Â¿En quÃ© puedo asistirte hoy? ğŸ’ª","Â¡Hola! ğŸ’ª Bienvenido a House of Spencer. Estoy aquÃ­ para ayudarte con horarios, precios y mÃ¡s. Agenda tu clase de prueba gratuita en: ğŸ“² https://boxmagic.cl/sp/HouseofSpencer24. Â¿En quÃ© puedo asistirte hoy?",4,4,4
Hola,"Â¡Hola! ğŸ˜Š En House of Spencer te ayudamos a llegar al siguiente nivel y te acompaÃ±amos en todo tu proceso de recuperaciÃ³n ante lesiones o a ponerte en forma. ğŸƒâ€â™‚ï¸ âœ¨ No solo es ejercicio, es un estilo de vida âœ¨ Â¿CÃ³mo puedo ayudarte hoy? Puedo ayudarte a agendar clases, resolver dudas sobre nuestros servicios y mÃ¡s.","Â¡Hola! Soy House of Spencer, tu asistente en el centro de entrenamiento. Â¿En quÃ© puedo ayudarte hoy?","Â¡Hola! ğŸ˜Š Soy House of Spencer, y estoy aquÃ­ para ayudarte. Â¿En quÃ© puedo asistirte hoy? ğŸ’ª",Â¡Hola! ğŸ‰ Bienvenido a House of Spencer. ğŸ’ª Estoy aquÃ­ para ayudarte con todo lo que necesites. Agenda tu clase de prueba gratuita en: ğŸ“² https://boxmagic.cl/sp/HouseofSpencer24. Â¿CÃ³mo puedo ayudarte hoy?,4,4,4
Â¿Puedo obtener un reembolso con orden mÃ©dica?,"SÃ­, como todas nuestras clases son realizadas por kinesiÃ³logos, nuestras sesiones son reembolsables con orden mÃ©dica. ğŸ“ Â¿Necesitas mÃ¡s informaciÃ³n?","Â¡Hola! Soy House of Spencer. SÃ­, puedes obtener un reembolso con orden mÃ©dica. Si necesitas mÃ¡s informaciÃ³n, hÃ¡zmelo saber.","Â¡Hola! ğŸ˜Š SÃ­, nuestras sesiones son reembolsables con orden mÃ©dica, ya que son realizadas por kinesiÃ³logos. ğŸ“ Â¿Necesitas mÃ¡s informaciÃ³n?","SÃ­, como todas nuestras clases son realizadas por kinesiÃ³logos, nuestras sesiones son reembolsables con orden mÃ©dica. ğŸ“ Â¿Necesitas mÃ¡s informaciÃ³n?",5,5,5
Â¿Puedo obtener un reembolso con orden mÃ©dica?,"SÃ­, como todas nuestras clases son realizadas por kinesiÃ³logos, nuestras sesiones son reembolsables con orden mÃ©dica. ğŸ“ Â¿Necesitas mÃ¡s informaciÃ³n?","Â¡Hola! Soy House of Spencer. SÃ­, las sesiones son reembolsables con orden mÃ©dica. Si necesitas mÃ¡s detalles, no dudes en preguntar.","Â¡Hola! ğŸ˜Š SÃ­, nuestras sesiones son reembolsables con orden mÃ©dica, ya que son realizadas por kinesiÃ³logos. ğŸ“ Â¿Te gustarÃ­a saber mÃ¡s?","SÃ­, como todas nuestras clases son realizadas por kinesiÃ³logos, nuestras sesiones son reembolsables con orden mÃ©dica. ğŸ“ Â¿Necesitas mÃ¡s informaciÃ³n?",4,5,5
Â¿Puedo obtener un reembolso con orden mÃ©dica?,"SÃ­, como todas nuestras clases son realizadas por kinesiÃ³logos, nuestras sesiones son reembolsables con orden mÃ©dica. ğŸ“ Â¿Necesitas mÃ¡s informaciÃ³n?","Â¡Hola! Soy House of Spencer. SÃ­, las sesiones son reembolsables con orden mÃ©dica. Si necesitas mÃ¡s informaciÃ³n, no dudes en preguntar. ğŸ˜Š","Â¡Hola! ğŸ˜Š SÃ­, nuestras sesiones son reembolsables con orden mÃ©dica, ya que todas son realizadas por kinesiÃ³logos. ğŸ“ Â¿Necesitas mÃ¡s informaciÃ³n?","SÃ­, como todas nuestras clases son realizadas por kinesiÃ³logos, nuestras sesiones son reembolsables con orden mÃ©dica. ğŸ“",5,5,5
Â¿Puedo obtener un reembolso con orden mÃ©dica?,"SÃ­, como todas nuestras clases son realizadas por kinesiÃ³logos, nuestras sesiones son reembolsables con orden mÃ©dica. ğŸ“ Â¿Necesitas mÃ¡s informaciÃ³n?","Â¡Hola! Soy de House of Spencer. SÃ­, las sesiones son reembolsables con orden mÃ©dica. Si tienes mÃ¡s dudas, no dudes en preguntar. ğŸ˜Š","Â¡Hola! ğŸ˜Š SÃ­, nuestras sesiones son reembolsables con orden mÃ©dica, ya que son realizadas por kinesiÃ³logos. ğŸ“ Â¿Necesitas mÃ¡s informaciÃ³n?","SÃ­, como todas nuestras clases son realizadas por kinesiÃ³logos, nuestras sesiones son reembolsables con orden mÃ©dica. ğŸ“ Â¿Necesitas mÃ¡s informaciÃ³n?",5,5,5
"Hola, ayer fui a la clase de prueba y todo bien. Â¿CÃ³mo contrato algÃºn plan?",Â¡Hola! Me alegro mucho que te hayan gustado nuestras clases y el estilo House of Spencer! ğŸ™Œ Solo debes bajar la app BoxMagic en tu celular o visitar https://auth.boxmagic.cl/. AhÃ­ ingresas y compras un plan con alguno de nuestros profes de 10 o 20 sesiones. ğŸ‹ï¸â€â™‚ï¸ Â¿Puedo ayudarte con algo mÃ¡s?,"Â¡Hola! Soy House of Spencer. Para contratar un plan, debes agendar tus clases a travÃ©s de la app BoxMagic o en https://auth.boxmagic.cl/. Si necesitas mÃ¡s ayuda, solo dime. ğŸ’ªğŸ“²","Â¡Hola! ğŸ˜Š Me alegra saber que disfrutaste la clase. Para contratar un plan, solo debes bajar la app BoxMagic en tu celular o visitar https://auth.boxmagic.cl/. AhÃ­ podrÃ¡s comprar un plan con nuestros profes. ğŸ‹ï¸\u200dâ™‚ï¸ Â¿Te puedo ayudar con algo mÃ¡s?","Â¡Hola! ğŸ™Œ Me alegra saber que todo fue bien en tu clase de prueba! Para contratar un plan, descarga la app BoxMagic o visita https://auth.boxmagic.cl/. ğŸ“² AhÃ­ podrÃ¡s encontrar y comprar nuestros servicios. â³ Si necesitas ayuda durante el proceso, estarÃ© aquÃ­ para ayudarte.",4,4,5
"Hola, ayer fui a la clase de prueba y todo bien. Â¿CÃ³mo contrato algÃºn plan?",Â¡Hola! Me alegro mucho que te hayan gustado nuestras clases y el estilo House of Spencer! ğŸ™Œ Solo debes bajar la app BoxMagic en tu celular o visitar https://auth.boxmagic.cl/. AhÃ­ ingresas y compras un plan con alguno de nuestros profes de 10 o 20 sesiones. ğŸ‹ï¸â€â™‚ï¸ Â¿Puedo ayudarte con algo mÃ¡s?,"Â¡Hola! Soy House of Spencer. Para contratar un plan, puedes agendar tus clases a travÃ©s de la app BoxMagic o en https://auth.boxmagic.cl/. Si tienes dudas, Â¡aquÃ­ estoy para ayudarte! ğŸ’ªğŸ˜Š",Â¡Hola! ğŸ˜Š Me alegra que te haya gustado la clase. Puedes contratar un plan descargando la app BoxMagic o visitando https://auth.boxmagic.cl/. AhÃ­ puedes comprar un plan de 10 o 20 sesiones. ğŸ‹ï¸\u200dâ™‚ï¸ Â¿Te ayudo con algo mÃ¡s?,"Â¡Hola! Me alegro que te haya gustado la clase de prueba! ğŸ˜Š Para contratar un plan, descarga la app BoxMagic o visita https://auth.boxmagic.cl/. Luego, busca nuestro centro y podrÃ¡s adquirir un plan de 10 o 20 sesiones. ğŸ’ª Si necesitas ayuda, puedes preguntar.",4,5,4
"Hola, ayer fui a la clase de prueba y todo bien. Â¿CÃ³mo contrato algÃºn plan?",Â¡Hola! Me alegro mucho que te hayan gustado nuestras clases y el estilo House of Spencer! ğŸ™Œ Solo debes bajar la app BoxMagic en tu celular o visitar https://auth.boxmagic.cl/. AhÃ­ ingresas y compras un plan con alguno de nuestros profes de 10 o 20 sesiones. ğŸ‹ï¸â€â™‚ï¸ Â¿Puedo ayudarte con algo mÃ¡s?,"Â¡Hola! Soy House of Spencer. Puedes contratar tu plan a travÃ©s de la app BoxMagic o en el sitio web: https://auth.boxmagic.cl/. Si necesitas ayuda, hÃ¡zmelo saber. Â¡Estamos aquÃ­ para ti! ğŸ’ªğŸ“²","Â¡Hola! Me alegra que hayas disfrutado la clase. ğŸ™Œ Para contratar un plan, descarga la app BoxMagic o visita https://auth.boxmagic.cl/. AhÃ­ podrÃ¡s elegir entre varios planes y acceder a nuestros profes. ğŸ‹ï¸\u200dâ™‚ï¸ Â¿Necesitas ayuda con algo mÃ¡s?","Â¡Hola! Nos alegra saber que te gustÃ³ la clase! ğŸ‰ Puedes contratar un plan a travÃ©s de la app BoxMagic o en https://auth.boxmagic.cl/. ğŸ‹ï¸\u200dâ™€ï¸ DespuÃ©s de registrarte, busca nuestro centro y podrÃ¡s seleccionar el plan que desees. Â¿Necesitas ayuda con algo mÃ¡s?",5,4,5
"Hola, ayer fui a la clase de prueba y todo bien. Â¿CÃ³mo contrato algÃºn plan?",Â¡Hola! Me alegro mucho que te hayan gustado nuestras clases y el estilo House of Spencer! ğŸ™Œ Solo debes bajar la app BoxMagic en tu celular o visitar https://auth.boxmagic.cl/. AhÃ­ ingresas y compras un plan con alguno de nuestros profes de 10 o 20 sesiones. ğŸ‹ï¸â€â™‚ï¸ Â¿Puedo ayudarte con algo mÃ¡s?,"Â¡Hola! Soy House of Spencer. Me alegra que hayas disfrutado tu clase de prueba. Para contratar un plan, puedes hacerlo a travÃ©s de la app BoxMagic o en https://auth.boxmagic.cl/. Â¡Cualquier duda, aquÃ­ estoy! ğŸ’ªğŸ˜Š","Â¡Hola! ğŸ˜Š Me alegro que hayas disfrutado la clase. Para contratar un plan, baja la app BoxMagic en tu celular o visita https://auth.boxmagic.cl/. AhÃ­ podrÃ¡s comprar un plan de 10 o 20 sesiones. ğŸ‹ï¸\u200dâ™‚ï¸ Â¿Necesitas ayuda con algo mÃ¡s?","Â¡Hola! Me alegro que te haya gustado la clase de prueba! ğŸ˜„ Para contratar un plan, descarga la app BoxMagic o visita https://auth.boxmagic.cl/. AhÃ­ podrÃ¡s buscar nuestro centro y adquirir tu plan de 10 o 20 sesiones. Â¿Necesitas ayuda con algo mÃ¡s? ğŸ’ª",5,5,5
"Hola, Â¿son solo clases o se puede ir a entrenar por mi cuenta?",Â¡Hola! ğŸ˜Š Muchas gracias por escribir a House of Spencer. Tenemos clases guiadas semi-personalizadas y personalizadas. Por el momento no ofrecemos el servicio de Open-Gym. ğŸ‹ï¸â€â™€ï¸ Â¿Te gustarÃ­a venir a una de nuestras clases de prueba gratuita? Agenda aquÃ­: ğŸ“² https://boxmagic.cl/sp/HouseofSpencer24,"Â¡Hola! Soy House of Spencer. En nuestro centro ofrecemos clases semi personalizadas, pero no hay opciÃ³n para entrenar por cuenta propia. Si tienes mÃ¡s preguntas, Â¡estoy aquÃ­ para ayudarte!",Â¡Hola! ğŸ˜Š En House of Spencer ofrecemos clases guiadas semi-personalizadas y personalizadas. Por el momento no contamos con un servicio de Open-Gym. ğŸ‹ï¸\u200dâ™€ï¸ Â¿Te gustarÃ­a agendar una clase de prueba gratuita?,"Â¡Hola! ğŸ˜Š En House of Spencer te ofrecemos clases guiadas semi-personalizadas de entrenamiento funcional. ğŸ’ª No tenemos el servicio de open-gym, pero nuestras clases estÃ¡n diseÃ±adas para adaptarse a tÃº nivel y ayudar en cada paso de tu proceso. Â¿Te gustarÃ­a venir a una clase de prueba gratuita? Agenda aquÃ­: ğŸ“² https://boxmagic.cl/sp/HouseofSpencer24",4,4,4
"Hola, Â¿son solo clases o se puede ir a entrenar por mi cuenta?",Â¡Hola! ğŸ˜Š Muchas gracias por escribir a House of Spencer. Tenemos clases guiadas semi-personalizadas y personalizadas. Por el momento no ofrecemos el servicio de Open-Gym. ğŸ‹ï¸â€â™€ï¸ Â¿Te gustarÃ­a venir a una de nuestras clases de prueba gratuita? Agenda aquÃ­: ğŸ“² https://boxmagic.cl/sp/HouseofSpencer24,"Hola, soy House of Spencer. En nuestro centro ofrecemos clases semi personalizadas, pero tambiÃ©n puedes entrenar por tu cuenta durante los horarios disponibles. Si necesitas mÃ¡s informaciÃ³n, Â¡pregunta! ğŸ‹ï¸\u200dâ™‚ï¸","Â¡Hola! ğŸ˜Š En House of Spencer, solo ofrecemos clases guiadas semi-personalizadas. Por el momento, no contamos con un servicio de Open-Gym. ğŸ‹ï¸\u200dâ™€ï¸ Â¿Te gustarÃ­a agendar una clase de prueba gratuita? ğŸ“²","Â¡Hola! ğŸ˜Š Gracias por escribir a House of Spencer. Actualmente, ofrecemos clases guiadas semi-personalizadas y no tenemos el servicio de Open Gym. ğŸ™Œ Esto nos permite asegurar que todos nuestros clientes estÃ¡n realizando los movimientos adecuadamente y pueden entrenar de forma segura. ğŸ” Â¿Te gustarÃ­a agendar una clase de prueba gratuita? Agenda aquÃ­: ğŸ“² https://boxmagic.cl/sp/HouseofSpencer24",2,4,4
"Hola, Â¿son solo clases o se puede ir a entrenar por mi cuenta?",Â¡Hola! ğŸ˜Š Muchas gracias por escribir a House of Spencer. Tenemos clases guiadas semi-personalizadas y personalizadas. Por el momento no ofrecemos el servicio de Open-Gym. ğŸ‹ï¸â€â™€ï¸ Â¿Te gustarÃ­a venir a una de nuestras clases de prueba gratuita? Agenda aquÃ­: ğŸ“² https://boxmagic.cl/sp/HouseofSpencer24,"Â¡Hola! Soy House of Spencer. En nuestro centro ofrecemos clases semi personalizadas, pero no hay opciÃ³n de entrenar por tu cuenta. Si tienes mÃ¡s preguntas, estarÃ© encantado de ayudarte. ğŸ˜Š","Â¡Hola! ğŸ˜Š En House of Spencer ofrecemos clases guiadas semi-personalizadas y personalizadas. Por el momento, no contamos con el servicio de Open-Gym. ğŸ‹ï¸\u200dâ™€ï¸ Â¿Te gustarÃ­a agendar una clase de prueba gratuita? ğŸ“² ","Hola, ofrecemos clases semi personalizadas y entrenamiento por tu cuenta. ğŸ’ªğŸ”‘ Durante nuestras clases guiadas de aproximadamente una hora y con un mÃ¡ximo de 6 personas puedes realizar tu trabajo personal ademÃ¡s de tener acompaÃ±amiento profesional. Las clases estÃ¡n diseÃ±adas para que puedas mejor tu biomecÃ¡nica y evitar lesiones, y en caso de tener alguna lesiÃ³n, el profesional te guiarÃ¡ y adaptarÃ¡ el entreno a tus necesidades. ğŸ©¹ AdemÃ¡s, si necesitas asesorÃ­a o acompaÃ±amiento mÃ¡s personalizado nuestros profesores estÃ¡n disponibles para realizar sesiones de kinesiologÃ­a y entrenamiento personal. Â¿Te gustarÃ­a mÃ¡s informaciÃ³n sobre nuestros horarios de clase?",4,5,3
"Hola, Â¿son solo clases o se puede ir a entrenar por mi cuenta?",Â¡Hola! ğŸ˜Š Muchas gracias por escribir a House of Spencer. Tenemos clases guiadas semi-personalizadas y personalizadas. Por el momento no ofrecemos el servicio de Open-Gym. ğŸ‹ï¸â€â™€ï¸ Â¿Te gustarÃ­a venir a una de nuestras clases de prueba gratuita? Agenda aquÃ­: ğŸ“² https://boxmagic.cl/sp/HouseofSpencer24,"Â¡Hola! Soy House of Spencer. En nuestro centro ofrecemos clases semi personalizadas, pero no estÃ¡ disponible el uso independiente de las instalaciones. Si necesitas mÃ¡s informaciÃ³n, aquÃ­ estoy para ayudarte.","Â¡Hola! ğŸ˜Š En House of Spencer ofrecemos clases guiadas semi-personalizadas y personalizadas. Por el momento, no contamos con servicio de Open-Gym. ğŸ‹ï¸\u200dâ™€ï¸ Â¿Te gustarÃ­a agendar una clase de prueba gratuita? AquÃ­ puedes hacerlo: ğŸ“² https://boxmagic.cl/sp/HouseofSpencer24.","Hola, gracias por contactarnos. En House of Spencer ofrecemos clases semi-personalizadas de entrenamiento funcional. ğŸ‹ï¸\u200dâ™‚ï¸ Nuestros profes diseÃ±an las sesiones del dÃ­a y te acompaÃ±an a lograr tus objetivos. ğŸ’ª Cada sesiÃ³n tiene una duraciÃ³n de 1 hora. ğŸš€ Actualmente no ofrecemos el servicio de autogestiÃ³n. \n\nÂ¿Te gustarÃ­a venir a una clase de prueba gratuita? Agenda aquÃ­: ğŸ“² https://boxmagic.cl/sp/HouseofSpencer24",4,5,5
Â¿Necesito una orden mÃ©dica para tomar sesiones de kinesiologÃ­a con ustedes?,"No necesitas una orden mÃ©dica para entrenar con nosotros. ğŸš‘ Como todas nuestras clases son realizadas por kinesiÃ³logos, nuestras sesiones son reembolsables con orden mÃ©dica. ğŸ“ Â¿Necesitas mÃ¡s informaciÃ³n?","Â¡Hola! Soy House of Spencer. No es necesario tener una orden mÃ©dica para tomar sesiones de kinesiologÃ­a, pero si la tienes, Â¡puedes reembolsar las sesiones! Si tienes mÃ¡s preguntas, no dudes en preguntar. ğŸ˜Š","Â¡Hola! ğŸ˜Š No necesitas una orden mÃ©dica para entrenar con nosotros. Sin embargo, nuestras sesiones de kinesiologÃ­a son reembolsables con orden mÃ©dica. ğŸ“ Â¿Te gustarÃ­a saber mÃ¡s?","No necesitas una orden mÃ©dica para entrenar con nosotros. ğŸš‘ Como todas nuestras clases son realizadas por kinesiÃ³logos, todas nuestras sesiones son reembolsables con orden mÃ©dica. AsÃ­ que si tienes una orden mÃ©dica, puedes reembolsar tus sesiones. Â¿Te gustarÃ­a saber mÃ¡s?",4,4,4
Â¿Necesito una orden mÃ©dica para tomar sesiones de kinesiologÃ­a con ustedes?,"No necesitas una orden mÃ©dica para entrenar con nosotros. ğŸš‘ Como todas nuestras clases son realizadas por kinesiÃ³logos, nuestras sesiones son reembolsables con orden mÃ©dica. ğŸ“ Â¿Necesitas mÃ¡s informaciÃ³n?","Â¡Hola! Soy House of Spencer. SÃ­, necesitas una orden mÃ©dica para que las sesiones de kinesiologÃ­a sean reembolsables. Â¿Te gustarÃ­a mÃ¡s informaciÃ³n?","Â¡Hola! ğŸ˜Š No necesitas una orden mÃ©dica para entrenar con nosotros. Sin embargo, nuestras sesiones son reembolsables con orden mÃ©dica. ğŸ“ Â¿Necesitas mÃ¡s informaciÃ³n?","No necesitas una orden mÃ©dica para entrenar con nosotros. ğŸš‘ Como todas nuestras clases son realizadas por kinesiÃ³logo, nuestras sesiones son reembolsables con orden mÃ©dica. ğŸ“ Â¿Te gustarÃ­a mÃ¡s informaciÃ³n?",3,5,4
Â¿Necesito una orden mÃ©dica para tomar sesiones de kinesiologÃ­a con ustedes?,"No necesitas una orden mÃ©dica para entrenar con nosotros. ğŸš‘ Como todas nuestras clases son realizadas por kinesiÃ³logos, nuestras sesiones son reembolsables con orden mÃ©dica. ğŸ“ Â¿Necesitas mÃ¡s informaciÃ³n?","Â¡Hola! Soy House of Spencer. No es necesario tener una orden mÃ©dica para tomar sesiones de kinesiologÃ­a, pero si la tienes, puedes reembolsar las sesiones. Si necesitas mÃ¡s informaciÃ³n, no dudes en preguntar. ğŸ˜Š","Â¡Hola! ğŸ˜Š No necesitas una orden mÃ©dica para entrenar con nosotros. Sin embargo, nuestras sesiones son reembolsables con orden mÃ©dica. ğŸ“ Â¿Necesitas mÃ¡s informaciÃ³n?","No necesitas una orden mÃ©dica para entrenar con nosotros. ğŸ“ Como todas nuestras clases son realizadas por kinesiÃ³logos, nuestras sesiones son reembolsables con orden mÃ©dica. Â¿Necesitas mÃ¡s informaciÃ³n?",4,4,4
Â¿Necesito una orden mÃ©dica para tomar sesiones de kinesiologÃ­a con ustedes?,"No necesitas una orden mÃ©dica para entrenar con nosotros. ğŸš‘ Como todas nuestras clases son realizadas por kinesiÃ³logos, nuestras sesiones son reembolsables con orden mÃ©dica. ğŸ“ Â¿Necesitas mÃ¡s informaciÃ³n?","Â¡Hola! Soy House of Spencer. No es necesario, pero si tienes una orden mÃ©dica, puedes reembolsar las sesiones. Si tienes mÃ¡s preguntas, no dudes en preguntar. ğŸ˜Š","Â¡Hola! ğŸ˜Š No necesitas una orden mÃ©dica para entrenar con nosotros. Sin embargo, nuestras sesiones son reembolsables con orden mÃ©dica. ğŸ“ Â¿Te gustarÃ­a saber mÃ¡s?","No necesitas una orden mÃ©dica para entrenar con nosotros. ğŸ“ Como todas nuestras clases son realizadas por kinesiÃ³logos, nuestras sesiones son reembolsables con orden mÃ©dica. Â¿Necesitas algo mÃ¡s?",3,4,4
Â¿QuÃ© tipo de centro es House of Spencer?,"Â¡Hola! Gracias por contactarnos. ğŸ˜Š Tenemos un espacio de entrenamiento en Providencia para ayudarte en tus objetivos. ğŸ‹ï¸â€â™€ï¸ Nuestra funciÃ³n es enseÃ±ar movimiento y mejorar tu biomecÃ¡nica. De esta forma evitamos posibles lesiones y te ayudamos a conseguir tus objetivos alineando todos los componentes del fitness, entrenamiento y nutriciÃ³n. ğŸğŸ’ª","Â¡Hola! Soy de House of Spencer. Somos un centro de entrenamiento especializado en mejorar la biomecÃ¡nica y enseÃ±ar movimiento para evitar lesiones y mejorar la eficiencia fÃ­sica. Ofrecemos clases semi personalizadas, nutriciÃ³n y masoterapia.",Â¡Hola! ğŸ˜Š House of Spencer es un centro de entrenamiento especializado en mejorar la biomecÃ¡nica y enseÃ±ar movimiento. Nuestro enfoque busca evitar lesiones y optimizar la eficiencia fÃ­sica. ğŸ’ª Ofrecemos clases semi personalizadas y servicios de nutriciÃ³n y masoterapia. Â¿Te gustarÃ­a mÃ¡s informaciÃ³n?,Â¡Hola! ğŸ˜Š House of Spencer es un centro de entrenamiento especializado en mejorar la biomecÃ¡nica y enseÃ±ar movimiento. ğŸ‹ï¸\u200dâ™€ï¸ Ofrecemos clases semi personalizadas y servicios de nutriciÃ³n y masajes. ğŸ¥—ğŸ’†\u200dâ™‚ï¸ Â¿Necesitas mÃ¡s informaciÃ³n?,4,4,4
Â¿QuÃ© tipo de centro es House of Spencer?,"Â¡Hola! Gracias por contactarnos. ğŸ˜Š Tenemos un espacio de entrenamiento en Providencia para ayudarte en tus objetivos. ğŸ‹ï¸â€â™€ï¸ Nuestra funciÃ³n es enseÃ±ar movimiento y mejorar tu biomecÃ¡nica. De esta forma evitamos posibles lesiones y te ayudamos a conseguir tus objetivos alineando todos los componentes del fitness, entrenamiento y nutriciÃ³n. ğŸğŸ’ª","Â¡Hola! Soy House of Spencer, un centro de entrenamiento especializado en mejorar la biomecÃ¡nica y enseÃ±ar movimiento para evitar lesiones y mejorar la eficiencia fÃ­sica. Ofrecemos sesiones semi personalizadas, ademÃ¡s de servicios de nutriciÃ³n deportiva y masoterapia. Si tienes dudas, Â¡estoy aquÃ­ para ayudarte! ğŸ˜Š",Â¡Hola! ğŸ˜Š House of Spencer es un centro de entrenamiento en Providencia dedicado a mejorar la biomecÃ¡nica y enseÃ±ar movimiento. Nuestro enfoque ayuda a evitar lesiones y optimizar el rendimiento fÃ­sico. ğŸ‹ï¸\u200dâ™€ï¸ Â¿Te gustarÃ­a mÃ¡s informaciÃ³n sobre nuestros servicios?,"Â¡Hola! ğŸ˜Š House of Spencer es un centro de entrenamiento y rehabilitaciÃ³n especializado que te ayuda a mejorar y optimizar tu movimiento, evitando lesiones y aumentando tu rendimiento. ğŸ‹ï¸\u200dâ™€ï¸ Nuestro equipo estÃ¡ conformado por 6 kinesiÃ³logos y una nutricionista, todos de la Universidad de Chile, lo que nos permite acompaÃ±arte en cada paso de tu entrenamiento funcional integral. ğŸ’ª",4,5,4
Â¿QuÃ© tipo de centro es House of Spencer?,"Â¡Hola! Gracias por contactarnos. ğŸ˜Š Tenemos un espacio de entrenamiento en Providencia para ayudarte en tus objetivos. ğŸ‹ï¸â€â™€ï¸ Nuestra funciÃ³n es enseÃ±ar movimiento y mejorar tu biomecÃ¡nica. De esta forma evitamos posibles lesiones y te ayudamos a conseguir tus objetivos alineando todos los componentes del fitness, entrenamiento y nutriciÃ³n. ğŸğŸ’ª","Â¡Hola! Soy de House of Spencer. Nuestro centro se especializa en mejorar la biomecÃ¡nica y enseÃ±ar movimiento para evitar lesiones, ofreciendo clases de entrenamiento funcional, servicios de nutriciÃ³n y masoterapia.","Â¡Hola! ğŸ˜Š House of Spencer es un centro de entrenamiento especializado en mejorar la biomecÃ¡nica y enseÃ±ar movimiento, ayudando a evitar lesiones y mejorar la eficiencia fÃ­sica. ğŸ‹ï¸\u200dâ™€ï¸ Â¡Â¿Puedo ayudarte con algo mÃ¡s?!",Â¡Hola! ğŸ˜Š Somos un centro de entrenamiento especializado en mejorar la biomecÃ¡nica y enseÃ±ar movimiento para evitar lesiones y mejorar la eficiencia fÃ­sica. ğŸ‹ï¸\u200dâ™‚ï¸ Please let me know how I can assist you today!,4,5,4
Â¿QuÃ© tipo de centro es House of Spencer?,"Â¡Hola! Gracias por contactarnos. ğŸ˜Š Tenemos un espacio de entrenamiento en Providencia para ayudarte en tus objetivos. ğŸ‹ï¸â€â™€ï¸ Nuestra funciÃ³n es enseÃ±ar movimiento y mejorar tu biomecÃ¡nica. De esta forma evitamos posibles lesiones y te ayudamos a conseguir tus objetivos alineando todos los componentes del fitness, entrenamiento y nutriciÃ³n. ğŸğŸ’ª","Â¡Hola! Soy de House of Spencer. Somos un centro de entrenamiento especializado en mejorar la biomecÃ¡nica y enseÃ±ar movimiento para evitar lesiones y mejorar la eficiencia fÃ­sica. Ofrecemos clases semi personalizadas, masoterapia y asesorÃ­as en nutriciÃ³n. ğŸš€","Â¡Hola! ğŸ˜Š House of Spencer es un centro de entrenamiento en Providencia especializado en mejorar la biomecÃ¡nica y enseÃ±ar movimiento. ğŸ‹ï¸\u200dâ™€ï¸ Ofrecemos clases semi personalizadas, servicios de nutriciÃ³n y masoterapia para ayudarte a evitar lesiones y alcanzar tus objetivos. Â¿En quÃ© mÃ¡s puedo ayudarte?",Â¡Hola! ğŸ˜Š Somos un centro de entrenamiento especializado en mejorar la biomecÃ¡nica y enseÃ±ar movimiento para evitar lesiones y mejorar la eficiencia fÃ­sica. ğŸ‹ï¸\u200dâ™‚ï¸ Ofrecemos clases semi personalizadas y otros servicios para acompaÃ±arte en tu camino del deporte.,4,5,5
Â¿QuiÃ©nes son los profes que hacen clases AM?,"Â¡Hola! Durante las maÃ±anas nuestros profes son NicolÃ¡s Spencer, Vane Jenkin, Rolo Flores y TomÃ¡s Paulsen. ğŸ”¥ Recuerda que nuestros profes pueden modificar los horarios, pero en HOS siempre puedes contar con un profesional experto que estarÃ¡ disponible para ayudarte en tu camino del deporte y recuperaciÃ³n. ğŸƒâ€â™‚ï¸","Â¡Hola! Soy House of Spencer. En las clases de la maÃ±ana, nuestros profesores son NicolÃ¡s Spencer, Vane Jenkin y FabiÃ¡n Vega. Si necesitas mÃ¡s informaciÃ³n, Â¡estarÃ© encantado de ayudarte!","Â¡Hola! ğŸ˜Š Durante las maÃ±anas, nuestros profes son NicolÃ¡s Spencer, Vane Jenkin, Rolo Flores y TomÃ¡s Paulsen. ğŸ”¥ Â¿Te gustarÃ­a saber mÃ¡s sobre ellos o nuestras clases?","Nuestros profes que suelen hacer clases en la maÃ±ana son NicolÃ¡s Spencer, Vane Jenkin, Rolo Flores y FabiÃ¡n Vega. ğŸ‹ï¸\u200dâ™‚ï¸ Â¿Te gustarÃ­an sus fichas de Instagram para que puedas seguirlos y enterarte de mÃ¡s contenidos?",3,5,3
Â¿QuiÃ©nes son los profes que hacen clases AM?,"Â¡Hola! Durante las maÃ±anas nuestros profes son NicolÃ¡s Spencer, Vane Jenkin, Rolo Flores y TomÃ¡s Paulsen. ğŸ”¥ Recuerda que nuestros profes pueden modificar los horarios, pero en HOS siempre puedes contar con un profesional experto que estarÃ¡ disponible para ayudarte en tu camino del deporte y recuperaciÃ³n. ğŸƒâ€â™‚ï¸","Â¡Hola! Soy House of Spencer. Nuestros profes que realizan clases en la maÃ±ana son: NicolÃ¡s Spencer, Vane Jenkin, Rolo Flores y TomÃ¡s Paulsen. Si tienes mÃ¡s dudas, Â¡pregunta! ğŸ˜Š","Â¡Hola! ğŸ˜Š Durante las maÃ±anas, nuestros profes son NicolÃ¡s Spencer, Vane Jenkin, Rolo Flores y TomÃ¡s Paulsen. ğŸ”¥ Si necesitas mÃ¡s informaciÃ³n, aquÃ­ estoy para ayudarte.","Nuestros profes que hacen clases AM son NicolÃ¡s Spencer, Vane Jenkin, Rolo Flores, TomÃ¡s Paulsen y FabiÃ¡n Vega. ğŸ’ª Recuerda que nuestros profes estÃ¡n en constante disponibilidad y por lo tanto pueden tambiÃ©n hacer clases durante las maÃ±anas. Recuerda que en HOS trabajamos de manera semi personalizada, por lo que la mayorÃ­a de nuestros profes trabajan en las maÃ±anas durante la semana y tambiÃ©n en la maÃ±ana los sÃ¡bados. Si necesitas el horario preciso de un profesor en particular, hÃ¡zmelo saber. ğŸ“…",4,5,4
Â¿QuiÃ©nes son los profes que hacen clases AM?,"Â¡Hola! Durante las maÃ±anas nuestros profes son NicolÃ¡s Spencer, Vane Jenkin, Rolo Flores y TomÃ¡s Paulsen. ğŸ”¥ Recuerda que nuestros profes pueden modificar los horarios, pero en HOS siempre puedes contar con un profesional experto que estarÃ¡ disponible para ayudarte en tu camino del deporte y recuperaciÃ³n. ğŸƒâ€â™‚ï¸","Hola, soy House of Spencer. Nuestros profes para clases en la maÃ±ana son NicolÃ¡s Spencer, Vane Jenkin, Rolo Flores, y FabiÃ¡n Vega. Â¿Te gustarÃ­a saber mÃ¡s sobre sus especialidades?","Â¡Hola! ğŸ˜Š Durante las maÃ±anas, nuestros profes son NicolÃ¡s Spencer, Vane Jenkin, Rolo Flores y TomÃ¡s Paulsen. ğŸ‹ï¸\u200dâ™‚ï¸ Â¡Si necesitas mÃ¡s informaciÃ³n, aquÃ­ estoy!",Los profes que hacen clases AM son NicolÃ¡s Spencer y Vane Jenkin. ğŸ”¥ Recuerda que tambiÃ©n nuestros profes estÃ¡n disponibles en la tarde para clases personalizadas.,4,4,3
Â¿QuiÃ©nes son los profes que hacen clases AM?,"Â¡Hola! Durante las maÃ±anas nuestros profes son NicolÃ¡s Spencer, Vane Jenkin, Rolo Flores y TomÃ¡s Paulsen. ğŸ”¥ Recuerda que nuestros profes pueden modificar los horarios, pero en HOS siempre puedes contar con un profesional experto que estarÃ¡ disponible para ayudarte en tu camino del deporte y recuperaciÃ³n. ğŸƒâ€â™‚ï¸","Â¡Hola! Soy House of Spencer. En las clases de la maÃ±ana, trabajamos con NicolÃ¡s Spencer, Vane Jenkin y Rolo Flores. Si tienes mÃ¡s preguntas, hÃ¡zmelo saber. ğŸ˜Š","Â¡Hola! Durante las maÃ±anas, nuestros profes son NicolÃ¡s Spencer, Vane Jenkin, Rolo Flores y TomÃ¡s Paulsen. ğŸ”¥ Â¿Te gustarÃ­a agendar una clase de prueba gratuita? ğŸ“²","Â¡Hola! Nuestros profes son NicolÃ¡s Spencer, Vane Jenkin, Rolo Flores y TomÃ¡s Paulsen. ğŸš€ Recuerda que todos nuestros profes pueden ser muy flexibles y pueden cambiar sus horarios segÃºn las necesidades de los alumnos. Por lo que en las maÃ±anas a partir de las 07:00 hay muchas mÃ¡s opciones de clases disponibles. ",4,4,4
Â¿QuiÃ©nes son los profes que hacen clases PM?,"Â¡Hola! Durante las tardes nuestros profes son NicolÃ¡s Spencer, Vane Jenkin, Rolo Flores, FabiÃ¡n Vega y TomÃ¡s Paulsen. ğŸ”¥ Recuerda que nuestros profes pueden modificar sus horarios y estos varÃ­an de acuerdo al dÃ­a de la semana, pero en HOS siempre puedes contar con un profesional experto que estarÃ¡ disponible para ayudarte en tu camino del deporte y recuperaciÃ³n. ğŸƒâ€â™‚ï¸","Â¡Hola! Soy House of Spencer. Nuestros profesores son:\n\n- NicolÃ¡s Spencer\n- Vane Jenkin\n- Rolo Flores\n- TomÃ¡s Paulsen\n- FabiÃ¡n Vega\n\nSi necesitas mÃ¡s informaciÃ³n, Â¡avÃ­same! ğŸ˜Š","Â¡Hola! ğŸ˜Š Durante las tardes, nuestros profes son NicolÃ¡s Spencer, Vane Jenkin, Rolo Flores, FabiÃ¡n Vega y TomÃ¡s Paulsen. ğŸ”¥ Si necesitas mÃ¡s informaciÃ³n, no dudes en preguntar. Â¡Estoy aquÃ­ para ayudarte!","Nuestros profes NicolÃ¡s Spencer, Vane Jenkin, Rolo Flores, TomÃ¡s Paulsen y FabiÃ¡n Vega realizan clases en la tarde y noche en HOS. ğŸš€",4,5,4
Â¿QuiÃ©nes son los profes que hacen clases PM?,"Â¡Hola! Durante las tardes nuestros profes son NicolÃ¡s Spencer, Vane Jenkin, Rolo Flores, FabiÃ¡n Vega y TomÃ¡s Paulsen. ğŸ”¥ Recuerda que nuestros profes pueden modificar sus horarios y estos varÃ­an de acuerdo al dÃ­a de la semana, pero en HOS siempre puedes contar con un profesional experto que estarÃ¡ disponible para ayudarte en tu camino del deporte y recuperaciÃ³n. ğŸƒâ€â™‚ï¸","Â¡Hola! Soy House of Spencer. Nuestros profes son: NicolÃ¡s Spencer, Vane Jenkin, Rolo Flores, TomÃ¡s Paulsen y FabiÃ¡n Vega. Si necesitas mÃ¡s informaciÃ³n sobre ellos, hÃ¡zmelo saber.","Â¡Hola! ğŸ˜Š Durante las tardes, nuestros profes son NicolÃ¡s Spencer, Vane Jenkin, Rolo Flores, FabiÃ¡n Vega y TomÃ¡s Paulsen. ğŸ”¥ Si necesitas mÃ¡s informaciÃ³n, no dudes en preguntar.","Nuestros profes en PM son NicolÃ¡s Spencer, Vane Jenkin, Rolo Flores y TomÃ¡s Paulsen. Cada uno tiene un estilo Ãºnico y se adapta a las necesidades de los alumnos. ğŸ’ª",4,4,4
Â¿QuiÃ©nes son los profes que hacen clases PM?,"Â¡Hola! Durante las tardes nuestros profes son NicolÃ¡s Spencer, Vane Jenkin, Rolo Flores, FabiÃ¡n Vega y TomÃ¡s Paulsen. ğŸ”¥ Recuerda que nuestros profes pueden modificar sus horarios y estos varÃ­an de acuerdo al dÃ­a de la semana, pero en HOS siempre puedes contar con un profesional experto que estarÃ¡ disponible para ayudarte en tu camino del deporte y recuperaciÃ³n. ğŸƒâ€â™‚ï¸","Â¡Hola! Soy House of Spencer. Los profesores que imparten clases PM son: Vane Jenkin, Rolo Flores, TomÃ¡s Paulsen, y FabiÃ¡n Vega. Si necesitas informaciÃ³n adicional, no dudes en preguntar. ğŸ˜Š","Â¡Hola! ğŸ˜Š Durante las tardes, nuestros profes son NicolÃ¡s Spencer, Vane Jenkin, Rolo Flores, FabiÃ¡n Vega y TomÃ¡s Paulsen. ğŸ”¥ Si deseas mÃ¡s informaciÃ³n, Â¡aquÃ­ estoy para ayudarte!","Â¡Hola! Durante las tardes en HOS, nuestros profes son NicolÃ¡s Spencer, Vane Jenkin, Rolo Flores y TomÃ¡s Paulsen. Recuerda que nuestros profes pueden ajustar sus horarios, pero aquÃ­ tienes sus claves. Las clases son de lunes a viernes a las 18:00, 19:00 y 20:00 y los sÃ¡bados a las 10:00 y 11:00. ğŸ“… Recuerda que todos nuestros profes son kinesiÃ³logos y estÃ¡n capacitados para ayudar a cada uno de nuestros alumnos. Si necesitas mÃ¡s ayuda, no dudes en preguntar.",4,4,4
Â¿QuiÃ©nes son los profes que hacen clases PM?,"Â¡Hola! Durante las tardes nuestros profes son NicolÃ¡s Spencer, Vane Jenkin, Rolo Flores, FabiÃ¡n Vega y TomÃ¡s Paulsen. ğŸ”¥ Recuerda que nuestros profes pueden modificar sus horarios y estos varÃ­an de acuerdo al dÃ­a de la semana, pero en HOS siempre puedes contar con un profesional experto que estarÃ¡ disponible para ayudarte en tu camino del deporte y recuperaciÃ³n. ğŸƒâ€â™‚ï¸","Â¡Hola! Soy House of Spencer. Actualmente, no tenemos una especificaciÃ³n particular para clases PM, pero nuestros profesores son kinesiÃ³logos altamente capacitados. Puedes preguntar por cualquiera de ellos en tus clases. Â¡Estamos aquÃ­ para ayudarte!","Â¡Hola! Durante las tardes, nuestros profes son NicolÃ¡s Spencer, Vane Jenkin, Rolo Flores, FabiÃ¡n Vega y TomÃ¡s Paulsen. ğŸ”¥ Si necesitas mÃ¡s informaciÃ³n, Â¡pregunta sin problema! ğŸ˜Š","Â¡Hola! En las tardes tenemos a NicolÃ¡s Spencer, Vane Jenkin, Rolo Flores y FabiÃ¡n Vega. ğŸ”¥ Todos nuestros profes son kinesiÃ³logos y estÃ¡n capacitados para ayudar a nuestros alumnos a cumplir sus objetivos. CuÃ©ntame si necesitas mÃ¡s informaciÃ³n. ğŸ‹ï¸\u200dâ™‚ï¸",3,5,4
Â¿DÃ³nde puedo pagar para las clases de entrenamiento funcional?,"Â¡Hola! ğŸ’ª Para pagar y agendar tus clases de entrenamiento funcional, descarga la app BoxMagic o visita https://auth.boxmagic.cl/. ğŸ“² Una vez registrada, busca nuestro centro y podrÃ¡s gestionar tus clases fÃ¡cilmente. Â¿Necesitas ayuda con algo mÃ¡s?","Â¡Hola! Soy House of Spencer. Puedes pagar tus clases de entrenamiento funcional a travÃ©s de la app BoxMagic o en https://auth.boxmagic.cl/ con tarjeta de crÃ©dito o transferencia electrÃ³nica. Si necesitas mÃ¡s ayuda, Â¡avÃ­same! ğŸ˜Š","Â¡Hola! ğŸ’ª Para pagar y agendar tus clases de entrenamiento funcional, descarga la app BoxMagic o visita https://auth.boxmagic.cl/. ğŸ“² Â¿Necesitas ayuda con algo mÃ¡s?","Puedes pagar y agendar tus clases de entrenamiento funcional a travÃ©s de la app BoxMagic o en https://auth.boxmagic.cl/. ğŸ“² Una vez registrada, busca nuestro centro y podrÃ¡s realizar el pago y agendar tus clases fÃ¡cilmente. Si necesitas ayuda con el proceso, no dudes en preguntar. ğŸ’ª",5,4,5
Â¿DÃ³nde puedo pagar para las clases de entrenamiento funcional?,"Â¡Hola! ğŸ’ª Para pagar y agendar tus clases de entrenamiento funcional, descarga la app BoxMagic o visita https://auth.boxmagic.cl/. ğŸ“² Una vez registrada, busca nuestro centro y podrÃ¡s gestionar tus clases fÃ¡cilmente. Â¿Necesitas ayuda con algo mÃ¡s?",Â¡Hola! Soy House of Spencer. Puedes pagar tus clases de entrenamiento funcional a travÃ©s de la app BoxMagic o en el sitio web: https://auth.boxmagic.cl/. Â¿Necesitas ayuda con algo mÃ¡s?,"Â¡Hola! ğŸ’ª Para pagar y agendar tus clases de entrenamiento funcional, descarga la app BoxMagic o visita https://auth.boxmagic.cl/. ğŸ“² Si necesitas ayuda, aquÃ­ estoy.","ğŸ’ª Puedes pagar y agendar tus clases de entrenamiento funcional a travÃ©s de la app BoxMagic o en https://auth.boxmagic.cl/. ğŸš€ Una vez que descargues la app, busca nuestro centro y podrÃ¡s gestionar tus clases fÃ¡cilmente. ğŸ“² Si tienes alguna pregunta durante el proceso, no dudes en preguntarme. Estoy aquÃ­ para ayudarte.",5,5,5
Â¿DÃ³nde puedo pagar para las clases de entrenamiento funcional?,"Â¡Hola! ğŸ’ª Para pagar y agendar tus clases de entrenamiento funcional, descarga la app BoxMagic o visita https://auth.boxmagic.cl/. ğŸ“² Una vez registrada, busca nuestro centro y podrÃ¡s gestionar tus clases fÃ¡cilmente. Â¿Necesitas ayuda con algo mÃ¡s?","Â¡Hola! Soy House of Spencer. Puedes pagar las clases de entrenamiento funcional a travÃ©s de la app BoxMagic o en el sitio https://auth.boxmagic.cl/. Si necesitas mÃ¡s ayuda, Â¡dÃ©jame saber! ğŸ’ªğŸ¼","Â¡Hola! ğŸ’ª Para pagar y agendar tus clases de entrenamiento funcional, descarga la app BoxMagic o visita https://auth.boxmagic.cl/. ğŸ“² Si necesitas mÃ¡s ayuda, Â¡aquÃ­ estoy!","Â¡Hola! ğŸ’ª Puedes pagar y agendar tus clases de entrenamiento funcional a travÃ©s de la app BoxMagic o en https://auth.boxmagic.cl/. ğŸ“± Una vez descargada, busca nuestro centro y podrÃ¡s gestionar tus clases fÃ¡cilmente. Si tienes alguna pregunta adicional, Â¡estoy aquÃ­ para ayudarte!",5,5,4
Â¿DÃ³nde puedo pagar para las clases de entrenamiento funcional?,"Â¡Hola! ğŸ’ª Para pagar y agendar tus clases de entrenamiento funcional, descarga la app BoxMagic o visita https://auth.boxmagic.cl/. ğŸ“² Una vez registrada, busca nuestro centro y podrÃ¡s gestionar tus clases fÃ¡cilmente. Â¿Necesitas ayuda con algo mÃ¡s?",Â¡Hola! Soy House of Spencer. Puedes pagar las clases de entrenamiento funcional a travÃ©s de la app BoxMagic o en el sitio: https://auth.boxmagic.cl/. ğŸ˜Š,"Â¡Hola! ğŸ’ª Para pagar y agendar tus clases de entrenamiento funcional, descarga la app BoxMagic o visita https://auth.boxmagic.cl/. ğŸ“² Â¿Necesitas ayuda con algo mÃ¡s?","Hola, puedes pagar y agendar tus clases de entrenamiento funcional a travÃ©s de la app BoxMagic o en https://auth.boxmagic.cl/. ğŸ“² Si aÃºn no eres alumno, agenda tu clase de prueba gratuita en: https://boxmagic.cl/sp/HouseofSpencer24. Â¿Necesitas ayuda con algo mÃ¡s?",5,4,5
Â¿CÃ³mo me inscribo en las clases de entrenamiento funcional?,"Â¡Hola! Puedes inscribirte descargando la app BoxMagic en tu celular o visitando https://auth.boxmagic.cl/. ğŸ“² Luego, busca nuestro centro y podrÃ¡s agendar tus clases. ğŸ‹ï¸â€â™€ï¸ Si tienes alguna duda durante el proceso, estoy aquÃ­ para ayudarte.",Â¡Hola! Soy House of Spencer. Puedes inscribirte en las clases de entrenamiento funcional a travÃ©s de la app BoxMagic o en este enlace: https://auth.boxmagic.cl/. TambiÃ©n te ofrezco una clase de prueba gratuita en: https://boxmagic.cl/sp/HouseofSpencer24. Â¡Te espero! ğŸ’ª,"Â¡Hola! ğŸ˜Š Puedes inscribirte descargando la app BoxMagic en tu celular o visitando https://auth.boxmagic.cl/. ğŸ“² Busca nuestro centro y podrÃ¡s agendar tus clases. Si tienes alguna duda, estoy aquÃ­ para ayudarte. ğŸ’ª",Â¡Hola! ğŸ’ª Agenda tu clase de prueba gratuita en: ğŸ“² https://boxmagic.cl/sp/HouseofSpencer24 o descarga la app BoxMagic en https://auth.boxmagic.cl/. AhÃ­ podrÃ¡s agendar tus clases de entrenamiento funcional. ğŸ‹ï¸\u200dâ™€ï¸ Â¿Necesitas ayuda con algo mÃ¡s?,5,5,4
Â¿CÃ³mo me inscribo en las clases de entrenamiento funcional?,"Â¡Hola! Puedes inscribirte descargando la app BoxMagic en tu celular o visitando https://auth.boxmagic.cl/. ğŸ“² Luego, busca nuestro centro y podrÃ¡s agendar tus clases. ğŸ‹ï¸â€â™€ï¸ Si tienes alguna duda durante el proceso, estoy aquÃ­ para ayudarte.",Â¡Hola! Soy House of Spencer. Puedes inscribirte en las clases de entrenamiento funcional a travÃ©s de la app BoxMagic o en el siguiente enlace: https://auth.boxmagic.cl/. TambiÃ©n puedes agendar una clase de prueba gratuita aquÃ­: ğŸ“² https://boxmagic.cl/sp/HouseofSpencer24. Â¡Te esperamos!,"Â¡Hola! ğŸ˜Š Puedes inscribirte descargando la app BoxMagic en tu celular o visitando https://auth.boxmagic.cl/. AllÃ­ podrÃ¡s buscar nuestro centro y agendar tus clases. ğŸ‹ï¸\u200dâ™€ï¸ Si necesitas ayuda, Â¡dÃ­melo!","Â¡Genial que te quieras unir! ğŸš€ Solo descarga la app BoxMagic o visita https://auth.boxmagic.cl/, busca nuestro centro y podrÃ¡s agendar tus clases. TambiÃ©n puedes agendar tu clase de prueba gratuita aquÃ­: ğŸ“² https://boxmagic.cl/sp/HouseofSpencer24. Â¿Puedo ayudarte en algo mÃ¡s?",5,5,5
Â¿CÃ³mo me inscribo en las clases de entrenamiento funcional?,"Â¡Hola! Puedes inscribirte descargando la app BoxMagic en tu celular o visitando https://auth.boxmagic.cl/. ğŸ“² Luego, busca nuestro centro y podrÃ¡s agendar tus clases. ğŸ‹ï¸â€â™€ï¸ Si tienes alguna duda durante el proceso, estoy aquÃ­ para ayudarte.","Â¡Hola! Soy House of Spencer. Para inscribirte en las clases de entrenamiento funcional, puedes agendar a travÃ©s de la app BoxMagic o en https://auth.boxmagic.cl/. TambiÃ©n puedes probar una clase gratuita en: ğŸ“² https://boxmagic.cl/sp/HouseofSpencer24. Â¡Te esperamos!","Â¡Hola! ğŸ˜Š Puedes inscribirte descargando la app BoxMagic en tu celular o visitando https://auth.boxmagic.cl/. ğŸ“² Luego, busca nuestro centro y podrÃ¡s agendar tus clases. Si tienes alguna duda, estoy aquÃ­ para ayudarte. Â¡Ã‰xito! ğŸ’ª",Â¡Perfecto! ğŸ’ª Agenda tu clase de prueba gratuita en: ğŸ“² https://boxmagic.cl/sp/HouseofSpencer24. Luego puedes descargar la app BoxMagic o visitar https://auth.boxmagic.cl/ para agendar tus clases. ğŸ“… Â¿Necesitas ayuda con algo mÃ¡s?,5,4,4
Â¿CÃ³mo me inscribo en las clases de entrenamiento funcional?,"Â¡Hola! Puedes inscribirte descargando la app BoxMagic en tu celular o visitando https://auth.boxmagic.cl/. ğŸ“² Luego, busca nuestro centro y podrÃ¡s agendar tus clases. ğŸ‹ï¸â€â™€ï¸ Si tienes alguna duda durante el proceso, estoy aquÃ­ para ayudarte.",Â¡Hola! Soy House of Spencer. Puedes inscribirte a las clases de entrenamiento funcional a travÃ©s de la app BoxMagic o en el siguiente enlace: https://auth.boxmagic.cl/. TambiÃ©n puedes agendar una clase de prueba gratuita aquÃ­: ğŸ“² https://boxmagic.cl/sp/HouseofSpencer24. Â¡Te esperamos!,"Â¡Hola! ğŸ˜Š Puedes inscribirte descargando la app BoxMagic en tu celular o visitando https://auth.boxmagic.cl/. ğŸ“² Luego, busca nuestro centro y podrÃ¡s agendar tus clases de entrenamiento funcional. Si necesitas ayuda, aquÃ­ estoy. ğŸ‹ï¸\u200dâ™‚ï¸","Â¡Genial! ğŸ’ª Puedes inscribirte descargando la app BoxMagic en tu celular o visitando https://auth.boxmagic.cl/. Luego, busca nuestro centro ""House of Spencer"" y agenda tus clases. TambiÃ©n puedes agenda tu clase de prueba gratuita en: ğŸ“² https://boxmagic.cl/sp/HouseofSpencer24. Si necesitas ayuda con algo mÃ¡s, estoy aquÃ­ para ayudarte. ğŸ˜Š",5,5,5
"Quiero empezar a entrenar con ustedes, Â¿cÃ³mo agendo una clase?","Â¡Genial! ğŸ‰ Agenda tu clase de prueba gratuita aquÃ­: ğŸ“² https://boxmagic.cl/sp/HouseofSpencer24. TambiÃ©n puedes descargar la app BoxMagic o visitar https://auth.boxmagic.cl/ para agendar tus clases de entrenamiento funcional. ğŸ’ª Si necesitas mÃ¡s informaciÃ³n, no dudes en preguntar.","Â¡Hola! Soy House of Spencer. Para agendar una clase, puedes usar la app BoxMagic o visitar https://auth.boxmagic.cl/. TambiÃ©n te ofrezco una clase de prueba gratuita. Â¡Te espero! ğŸ‹ï¸\u200dâ™‚ï¸",Â¡Genial! ğŸ‰ Puedes agendar tu clase de prueba gratuita aquÃ­: ğŸ“² https://boxmagic.cl/sp/HouseofSpencer24. TambiÃ©n puedes descargar la app BoxMagic o visitar https://auth.boxmagic.cl/ para agendar tus clases de entrenamiento funcional. ğŸ’ª Â¿Necesitas mÃ¡s informaciÃ³n?,"Â¡Genial! ğŸ‰ Agenda tu clase de prueba gratuita aquÃ­: ğŸ“² https://boxmagic.cl/sp/HouseofSpencer24. TambiÃ©n puedes descargar la app BoxMagic o visitar https://auth.boxmagic.cl/ para agendar tus clases de entrenamiento funcional. ğŸ’ª Si tienes alguna pregunta, estoy aquÃ­ para ayudarte.",4,5,5
"Quiero empezar a entrenar con ustedes, Â¿cÃ³mo agendo una clase?","Â¡Genial! ğŸ‰ Agenda tu clase de prueba gratuita aquÃ­: ğŸ“² https://boxmagic.cl/sp/HouseofSpencer24. TambiÃ©n puedes descargar la app BoxMagic o visitar https://auth.boxmagic.cl/ para agendar tus clases de entrenamiento funcional. ğŸ’ª Si necesitas mÃ¡s informaciÃ³n, no dudes en preguntar.","Â¡Hola! Soy House of Spencer. Para agendar una clase, puedes usar la app BoxMagic o visitar: https://auth.boxmagic.cl/. TambiÃ©n puedes agendar una clase de prueba gratuita en: ğŸ“² https://boxmagic.cl/sp/HouseofSpencer24. Â¡Esperamos verte pronto!","Â¡Hola! ğŸ‰ Para agendar una clase de prueba gratuita, visita: ğŸ“² https://boxmagic.cl/sp/HouseofSpencer24. TambiÃ©n puedes descargar la app BoxMagic o ir a https://auth.boxmagic.cl/. ğŸ’ª Si necesitas mÃ¡s ayuda, Â¡aquÃ­ estoy!","Â¡Genial! ğŸ‰ Agenda tu clase de prueba gratuita en: ğŸ“² https://boxmagic.cl/sp/HouseofSpencer24. Para clases regulares, descarga la app BoxMagic o visita https://auth.boxmagic.cl/ y busca nuestro centro. ğŸ’ªğŸ¼",5,5,5
"Quiero empezar a entrenar con ustedes, Â¿cÃ³mo agendo una clase?","Â¡Genial! ğŸ‰ Agenda tu clase de prueba gratuita aquÃ­: ğŸ“² https://boxmagic.cl/sp/HouseofSpencer24. TambiÃ©n puedes descargar la app BoxMagic o visitar https://auth.boxmagic.cl/ para agendar tus clases de entrenamiento funcional. ğŸ’ª Si necesitas mÃ¡s informaciÃ³n, no dudes en preguntar.","Â¡Hola! Soy House of Spencer. Para agendar una clase, puedes usar la app BoxMagic o ingresar a https://auth.boxmagic.cl/. TambiÃ©n te invito a agendar una clase de prueba gratuita en: ğŸ“² https://boxmagic.cl/sp/HouseofSpencer24. Â¡Te esperamos! ğŸ’ª","Â¡Hola! ğŸ‰ Puedes agendar tu clase de prueba gratuita aquÃ­: ğŸ“² https://boxmagic.cl/sp/HouseofSpencer24. TambiÃ©n puedes descargar la app BoxMagic o visitar https://auth.boxmagic.cl/ para agendar tus clases. ğŸ’ª Si necesitas mÃ¡s informaciÃ³n, no dudes en preguntar.","Â¡Genial! ğŸ‰ Agenda tu clase de prueba gratuita aquÃ­: ğŸ“² https://boxmagic.cl/sp/HouseofSpencer24. Luego, descarga la app BoxMagic o visita https://auth.boxmagic.cl/ para agendar tus clases y unirte a nuestra comunidad. ğŸ’ª Â¿Necesitas ayuda con algo mÃ¡s?",5,5,5
"Quiero empezar a entrenar con ustedes, Â¿cÃ³mo agendo una clase?","Â¡Genial! ğŸ‰ Agenda tu clase de prueba gratuita aquÃ­: ğŸ“² https://boxmagic.cl/sp/HouseofSpencer24. TambiÃ©n puedes descargar la app BoxMagic o visitar https://auth.boxmagic.cl/ para agendar tus clases de entrenamiento funcional. ğŸ’ª Si necesitas mÃ¡s informaciÃ³n, no dudes en preguntar.","Â¡Hola! Soy House of Spencer. Para agendar una clase, puedes utilizar la app BoxMagic o ingresar a https://auth.boxmagic.cl/. TambiÃ©n ofrecemos una clase de prueba gratuita en: ğŸ“² https://boxmagic.cl/sp/HouseofSpencer24. Â¡Te esperamos! ğŸ’ª",Â¡Genial! ğŸ‰ Puedes agendar tu clase de prueba gratuita aquÃ­: ğŸ“² https://boxmagic.cl/sp/HouseofSpencer24. TambiÃ©n puedes descargar la app BoxMagic o visitar https://auth.boxmagic.cl/ para agendar tus clases de entrenamiento funcional. ğŸ’ª Â¿Necesitas mÃ¡s informaciÃ³n?,"Â¡SÃºper! ğŸ’ª Agenda tu clase de prueba gratuita en: ğŸ“² https://boxmagic.cl/sp/HouseofSpencer24 o descarga la app BoxMagic en https://auth.boxmagic.cl/. Una vez descargada, regÃ­strate y busca nuestro centro para agendar tus clases. ğŸ—“ï¸ Â¿Necesitas ayuda con algo mÃ¡s?",5,5,4
Â¿CÃ³mo puedo pagar por un masaje o una consulta de nutriciÃ³n?,"Â¡Hola! ğŸ˜Š Para pagar por nuestros servicios de masajes o nutriciÃ³n, visita nuestro enlace en AgendaPro: https://houseofspencer.site.agendapro.com/cl/sucursal/165852. AhÃ­ podrÃ¡s seleccionar el servicio y realizar el pago. ğŸ’³ Â¿Puedo ayudarte con algo mÃ¡s?",Â¡Hola! Soy House of Spencer. Puedes pagar tus servicios de masoterapia y nutriciÃ³n a travÃ©s de nuestra plataforma AgendaPro. Accede en: https://houseofspencer.site.agendapro.com/cl/sucursal/165852. ğŸ˜Š,"Â¡Hola! ğŸ˜Š Para pagar por nuestros servicios de masajes o nutriciÃ³n, visita nuestro enlace en AgendaPro: https://houseofspencer.site.agendapro.com/cl/sucursal/165852. AhÃ­ podrÃ¡s seleccionar el servicio y realizar el pago. ğŸ’³ Â¿Necesitas ayuda con algo mÃ¡s?",Â¡Es muy sencillo! ğŸ˜Š Solo necesitas ir a nuestro enlace en AgendaPro: https://houseofspencer.site.agendapro.com/cl/sucursal/165852. AhÃ­ puedes seleccionar el servicio y pagar con tarjeta de crÃ©dito o transferencia. ğŸ’³ Â¿Necesitas ayuda con algo mÃ¡s?,5,5,5
Â¿CÃ³mo puedo pagar por un masaje o una consulta de nutriciÃ³n?,"Â¡Hola! ğŸ˜Š Para pagar por nuestros servicios de masajes o nutriciÃ³n, visita nuestro enlace en AgendaPro: https://houseofspencer.site.agendapro.com/cl/sucursal/165852. AhÃ­ podrÃ¡s seleccionar el servicio y realizar el pago. ğŸ’³ Â¿Puedo ayudarte con algo mÃ¡s?","Â¡Hola! Soy House of Spencer. Puedes pagar por masajes y consultas de nutriciÃ³n a travÃ©s de nuestra plataforma AgendaPro. Solo debes visitar: https://houseofspencer.site.agendapro.com/cl/sucursal/165852. Si necesitas mÃ¡s ayuda, no dudes en preguntar. ğŸ˜Š","Â¡Hola! ğŸ˜Š Para pagar por nuestros servicios de masajes o nutriciÃ³n, visita nuestro enlace en AgendaPro: https://houseofspencer.site.agendapro.com/cl/sucursal/165852. AhÃ­ podrÃ¡s seleccionar el servicio y realizar el pago. ğŸ’³ Â¿Puedo ayudarte con algo mÃ¡s?",Â¡Claro! ğŸ˜Š Puedes pagar por nuestros servicios de masajes o nutriciÃ³n visitando nuestro enlace en AgendaPro: https://houseofspencer.site.agendapro.com/cl/sucursal/165852. AhÃ­ encontrarÃ¡s todas las opciones disponibles y podrÃ¡s completar tu pago. ğŸ’³ Â¿Te puedo ayudar con algo mÃ¡s?,5,5,5
Â¿CÃ³mo puedo pagar por un masaje o una consulta de nutriciÃ³n?,"Â¡Hola! ğŸ˜Š Para pagar por nuestros servicios de masajes o nutriciÃ³n, visita nuestro enlace en AgendaPro: https://houseofspencer.site.agendapro.com/cl/sucursal/165852. AhÃ­ podrÃ¡s seleccionar el servicio y realizar el pago. ğŸ’³ Â¿Puedo ayudarte con algo mÃ¡s?","Â¡Hola! Soy House of Spencer. Para pagar por un masaje o consulta de nutriciÃ³n, debes agendar el servicio en nuestra plataforma AgendaPro: [AgendaPro](https://houseofspencer.site.agendapro.com/cl/sucursal/165852). AllÃ­ podrÃ¡s realizar el pago con tarjeta de crÃ©dito o transferencia electrÃ³nica. ğŸ˜Š","Â¡Hola! ğŸ˜Š Para pagar por nuestros servicios de masajes o nutriciÃ³n, visita nuestro enlace en AgendaPro: https://houseofspencer.site.agendapro.com/cl/sucursal/165852. AhÃ­ podrÃ¡s seleccionar el servicio y realizar el pago. ğŸ’³ Â¿Puedo ayudarte con algo mÃ¡s?",Puedes pagar por nuestros servicios de masajes y nutriciÃ³n a travÃ©s de AgendaPro. ğŸ’³ AquÃ­ tienes el enlace: https://houseofspencer.site.agendapro.com/cl/sucursal/165852. Â¿Necesitas ayuda con algo mÃ¡s?,5,5,5
Â¿CÃ³mo puedo pagar por un masaje o una consulta de nutriciÃ³n?,"Â¡Hola! ğŸ˜Š Para pagar por nuestros servicios de masajes o nutriciÃ³n, visita nuestro enlace en AgendaPro: https://houseofspencer.site.agendapro.com/cl/sucursal/165852. AhÃ­ podrÃ¡s seleccionar el servicio y realizar el pago. ğŸ’³ Â¿Puedo ayudarte con algo mÃ¡s?",Â¡Hola! Soy House of Spencer. Puedes pagar tus masajes y consultas de nutriciÃ³n a travÃ©s de la plataforma AgendaPro. AquÃ­ tienes el enlace: [AgendaPro](https://houseofspencer.site.agendapro.com/cl/sucursal/165852). Â¡Te esperamos!,"Â¡Hola! ğŸ˜Š Para pagar por nuestros servicios de masajes o nutriciÃ³n, visita este enlace en AgendaPro: https://houseofspencer.site.agendapro.com/cl/sucursal/165852. AhÃ­ podrÃ¡s seleccionar el servicio y realizar el pago. ğŸ’³ Â¿Puedo ayudarte con algo mÃ¡s?","Para pagar por nuestros servicios de masajes o consultas de nutriciÃ³n, visita nuestro enlace de AgendaPro: https://houseofspencer.site.agendapro.com/cl/sucursal/165852. AhÃ­ podrÃ¡s seleccionar el servicio y realizar el pago. ğŸ’³ Â¿Necesitas ayuda con algo mÃ¡s?",5,5,5
"Estoy interesado en sus servicios de nutriciÃ³n, Â¿dÃ³nde puedo agendar y pagar?","Â¡Excelente! ğŸ Puedes agendar y pagar por nuestros servicios de nutriciÃ³n a travÃ©s de este enlace: https://houseofspencer.site.agendapro.com/cl/sucursal/165852. Si tienes alguna pregunta adicional, estoy aquÃ­ para ayudarte. ğŸ˜Š","Â¡Hola! Soy de House of Spencer. Puedes agendar y pagar tus servicios de nutriciÃ³n en AgendaPro a travÃ©s de este enlace: [AgendaPro](https://houseofspencer.site.agendapro.com/cl/sucursal/165852). Si necesitas mÃ¡s ayuda, Â¡dÃ­melo!","Â¡Hola! ğŸ˜Š Puedes agendar y pagar por nuestros servicios de nutriciÃ³n a travÃ©s de este enlace: https://houseofspencer.site.agendapro.com/cl/sucursal/165852. Si necesitas mÃ¡s informaciÃ³n, estoy aquÃ­ para ayudarte. ğŸâœ¨","Â¡Genial! ğŸ Puedes agendar y pagar por nuestros servicios de nutriciÃ³n en el siguiente enlace: https://houseofspencer.site.agendapro.com/cl/sucursal/165852. Si tienes alguna pregunta adicional, no dudes en preguntar. ğŸ’ª",5,5,5
"Estoy interesado en sus servicios de nutriciÃ³n, Â¿dÃ³nde puedo agendar y pagar?","Â¡Excelente! ğŸ Puedes agendar y pagar por nuestros servicios de nutriciÃ³n a travÃ©s de este enlace: https://houseofspencer.site.agendapro.com/cl/sucursal/165852. Si tienes alguna pregunta adicional, estoy aquÃ­ para ayudarte. ğŸ˜Š","Â¡Hola! Soy House of Spencer. Puedes agendar y pagar tus servicios de nutriciÃ³n a travÃ©s de AgendaPro en este enlace: [AgendaPro](https://houseofspencer.site.agendapro.com/cl/sucursal/165852). Si necesitas mÃ¡s informaciÃ³n, aquÃ­ estoy para ayudarte. ğŸ˜Š","Â¡Hola! ğŸ˜Š Puedes agendar y pagar por nuestros servicios de nutriciÃ³n a travÃ©s de este enlace: https://houseofspencer.site.agendapro.com/cl/sucursal/165852. Si tienes alguna pregunta adicional, aquÃ­ estoy para ayudarte. ğŸ","Genial ğŸ Puedes agendar y pagar por nuestros servicios de nutriciÃ³n a travÃ©s de este enlace: https://houseofspencer.site.agendapro.com/cl/sucursal/165852. Si necesitas mÃ¡s informaciÃ³n, no dudes en preguntar.",5,5,5
"Estoy interesado en sus servicios de nutriciÃ³n, Â¿dÃ³nde puedo agendar y pagar?","Â¡Excelente! ğŸ Puedes agendar y pagar por nuestros servicios de nutriciÃ³n a travÃ©s de este enlace: https://houseofspencer.site.agendapro.com/cl/sucursal/165852. Si tienes alguna pregunta adicional, estoy aquÃ­ para ayudarte. ğŸ˜Š","Hola, soy House of Spencer. Puedes agendar tus servicios de nutriciÃ³n en AgendaPro en este enlace: [AgendaPro](https://houseofspencer.site.agendapro.com/cl/sucursal/165852). AhÃ­ podrÃ¡s pagar tambiÃ©n. Â¡Estamos aquÃ­ para ayudarte! ğŸğŸ¥¦","Â¡Hola! ğŸ˜Š Puedes agendar y pagar por nuestros servicios de nutriciÃ³n a travÃ©s de este enlace: https://houseofspencer.site.agendapro.com/cl/sucursal/165852. Si necesitas mÃ¡s informaciÃ³n, estoy aquÃ­ para ayudarte. ğŸ","Â¡Genial! ğŸ Puedes agendar y pagar por nuestros servicios de nutriciÃ³n a travÃ©s de este enlace: https://houseofspencer.site.agendapro.com/cl/sucursal/165852. Si tienes alguna duda adicional, estoy aquÃ­ para ayudarte. ğŸ˜Š",5,5,5
"Estoy interesado en sus servicios de nutriciÃ³n, Â¿dÃ³nde puedo agendar y pagar?","Â¡Excelente! ğŸ Puedes agendar y pagar por nuestros servicios de nutriciÃ³n a travÃ©s de este enlace: https://houseofspencer.site.agendapro.com/cl/sucursal/165852. Si tienes alguna pregunta adicional, estoy aquÃ­ para ayudarte. ğŸ˜Š","Â¡Hola! Soy House of Spencer. Para agendar y pagar tus servicios de nutriciÃ³n, puedes hacerlo a travÃ©s de AgendaPro en este enlace: [AgendaPro](https://houseofspencer.site.agendapro.com/cl/sucursal/165852). Si tienes mÃ¡s dudas, Â¡aquÃ­ estoy para ayudarte!","Â¡Hola! ğŸ˜Š Puedes agendar y pagar por nuestros servicios de nutriciÃ³n a travÃ©s de este enlace: https://houseofspencer.site.agendapro.com/cl/sucursal/165852. Si tienes alguna pregunta adicional, estoy aquÃ­ para ayudarte. ğŸ","Â¡Excelente! ğŸ Puedes agendar y pagar por nuestros servicios de nutriciÃ³n a travÃ©s de este enlace: https://houseofspencer.site.agendapro.com/cl/sucursal/165852. Si tienes alguna pregunta adicional, estoy aquÃ­ para ayudarte. ğŸ˜Š",5,5,5
Â¿Entregan un reporte por cada sesiÃ³n para poder reembolsar a la Isapre?,"Â¡Hola! ğŸ˜Š No entregamos un reporte por sesiÃ³n, pero nuestra boleta de servicios puede te permite reembolsar. Cuentanos si necesitas detallar el tipo de sesiones realizadas para facilitar tu reembolso con la Isapre. Contactanos directamente a https://walink.co/83468b para poder ayudarte mejor ğŸ“ Â¿Te ayudo con algo mÃ¡s?","Â¡Hola! Soy House of Spencer. SÃ­, entregamos un reporte por cada sesiÃ³n que puedes utilizar para reembolsar a tu Isapre con orden mÃ©dica. Si necesitas mÃ¡s informaciÃ³n, no dudes en preguntar. ğŸ’ª","Â¡Hola! ğŸ˜Š No entregamos un reporte por sesiÃ³n, pero nuestra boleta de servicios puede ser utilizada para reembolso. Si necesitas detalles especÃ­ficos, contÃ¡ctanos a https://walink.co/83468b. Â¿Te ayudo con algo mÃ¡s?","No entregamos un reporte por sesiÃ³n, pero podemos darte una boleta o un informe por las sesiones realizadas. AsÃ­ podrÃ¡s reembolsar a tu Isapre. ğŸ“„ Â¿Te gustarÃ­a que te enviemos uno?",2,4,4
Â¿Entregan un reporte por cada sesiÃ³n para poder reembolsar a la Isapre?,"Â¡Hola! ğŸ˜Š No entregamos un reporte por sesiÃ³n, pero nuestra boleta de servicios puede te permite reembolsar. Cuentanos si necesitas detallar el tipo de sesiones realizadas para facilitar tu reembolso con la Isapre. Contactanos directamente a https://walink.co/83468b para poder ayudarte mejor ğŸ“ Â¿Te ayudo con algo mÃ¡s?","Hola, soy de House of Spencer. SÃ­, las sesiones son reembolsables con orden mÃ©dica y se proporciona un reporte por cada sesiÃ³n. Si necesitas mÃ¡s detalles, no dudes en preguntar. ğŸ˜Š","Â¡Hola! ğŸ˜Š No entregamos un reporte por sesiÃ³n, pero nuestra boleta de servicios puede servir para reembolsar. Si necesitas mÃ¡s detalles sobre los tipos de sesiones realizadas, contÃ¡ctanos a https://walink.co/83468b. Â¿Te ayudo con algo mÃ¡s? ğŸ“",Entregamos un Ãºnico informe al finalizar el plan de entrenamiento. ğŸ“ Â¿Te gustarÃ­a mÃ¡s detalles sobre nuestros servicios?,2,4,2
Â¿Entregan un reporte por cada sesiÃ³n para poder reembolsar a la Isapre?,"Â¡Hola! ğŸ˜Š No entregamos un reporte por sesiÃ³n, pero nuestra boleta de servicios puede te permite reembolsar. Cuentanos si necesitas detallar el tipo de sesiones realizadas para facilitar tu reembolso con la Isapre. Contactanos directamente a https://walink.co/83468b para poder ayudarte mejor ğŸ“ Â¿Te ayudo con algo mÃ¡s?","Hola, soy House of Spencer. SÃ­, nuestras sesiones son reembolsables con orden mÃ©dica. Te proporcionamos un informe por cada sesiÃ³n para facilitar el reembolso a tu Isapre. Si necesitas mÃ¡s informaciÃ³n, no dudes en preguntar. ğŸ˜Š","Â¡Hola! ğŸ˜Š No entregamos un reporte por sesiÃ³n, pero nuestra boleta de servicios permite el reembolso. Si necesitas detallar las sesiones, contÃ¡ctanos en https://walink.co/83468b. ğŸ“ Â¿Te ayudo con algo mÃ¡s?","No entregamos un reporte por sesiÃ³n, pero al finalizar el pack, podemos entregar un comprobante de la atenciÃ³n. ğŸ“ Â¿Te gustarÃ­a que te enviara un documento de nuestras clases para facilitar el reembolso con tu Isapre?",2,4,3
Â¿Entregan un reporte por cada sesiÃ³n para poder reembolsar a la Isapre?,"Â¡Hola! ğŸ˜Š No entregamos un reporte por sesiÃ³n, pero nuestra boleta de servicios puede te permite reembolsar. Cuentanos si necesitas detallar el tipo de sesiones realizadas para facilitar tu reembolso con la Isapre. Contactanos directamente a https://walink.co/83468b para poder ayudarte mejor ğŸ“ Â¿Te ayudo con algo mÃ¡s?","Â¡Hola! Soy House of Spencer. Para reembolsos a la Isapre, entregamos un informe por cada sesiÃ³n si tienes una orden mÃ©dica. ContÃ¡ctanos si necesitas mÃ¡s informaciÃ³n. ğŸ˜Š","Â¡Hola! ğŸ˜Š No entregamos un reporte por sesiÃ³n, pero nuestra boleta de servicios puede servir para reembolsar. Si necesitas mÃ¡s detalles, contÃ¡ctanos directamente a https://walink.co/83468b. Â¿Te ayudo con algo mÃ¡s? ğŸ“","No entregamos un reporte por sesiÃ³n, pero al pagar con nuestro cÃ³digo entregamos un certificado de todas las sesiones realizadas. âœ… Esto permite reembolsar con la Isapre. ğŸ¥ Â¿Te gustarÃ­a mÃ¡s informaciÃ³n?",3,4,4
"Hi, do you offer trial classes to get to know your services?",Hi there! ğŸ˜Š Absolutely! You can book your free trial class here: ğŸ“² https://boxmagic.cl/sp/HouseofSpencer24. Let me know if you need any help!,"TextContentBlock(text=Text(annotations=[], value=""Hello! I'm House of Spencer, and yes, we offer a free trial class for you to experience our services. You can schedule it at ğŸ“² https://boxmagic.cl/sp/HouseofSpencer24. Let me know if you need more help!""), type='text')",Hi there! ğŸ˜Š Absolutely! You can book your free trial class here: ğŸ“² https://boxmagic.cl/sp/HouseofSpencer24. Let me know if you need any help!,Hi there! ğŸ˜Š Absolutely! You can book your free trial class here: ğŸ“² https://boxmagic.cl/sp/HouseofSpencer24. Let me know if you have any questions!,5,5,5
"Hi, do you offer trial classes to get to know your services?",Hi there! ğŸ˜Š Absolutely! You can book your free trial class here: ğŸ“² https://boxmagic.cl/sp/HouseofSpencer24. Let me know if you need any help!,"TextContentBlock(text=Text(annotations=[], value=""Hello! I'm House of Spencer, and yes, we offer a free trial class! You can schedule it at: ğŸ“² https://boxmagic.cl/sp/HouseofSpencer24. Let me know if you need more help!""), type='text')",Hi there! ğŸ˜Š Absolutely! You can book your free trial class here: ğŸ“² https://boxmagic.cl/sp/HouseofSpencer24. Let me know if you need any help!,Hi there! Absolutely! ğŸ‰ You can book your free trial class here: ğŸ“² https://boxmagic.cl/sp/HouseofSpencer24. Itâ€™s a great way to experience our services! Let me know if you need help with anything else.,5,5,5
"Hi, do you offer trial classes to get to know your services?",Hi there! ğŸ˜Š Absolutely! You can book your free trial class here: ğŸ“² https://boxmagic.cl/sp/HouseofSpencer24. Let me know if you need any help!,"TextContentBlock(text=Text(annotations=[], value=""Hello! I'm House of Spencer. Yes, we offer a free trial class for you to experience our services. You can book it at: ğŸ“² https://boxmagic.cl/sp/HouseofSpencer24. Let me know if you need further assistance!""), type='text')",Hi there! ğŸ˜Š Absolutely! You can book your free trial class here: ğŸ“² https://boxmagic.cl/sp/HouseofSpencer24. Let me know if you need any help!,Hi there! ğŸ˜Š Absolutely! You can book your free trial class here: ğŸ“² https://boxmagic.cl/sp/HouseofSpencer24. Let me know if you need any assistance!,5,5,5
"Hi, do you offer trial classes to get to know your services?",Hi there! ğŸ˜Š Absolutely! You can book your free trial class here: ğŸ“² https://boxmagic.cl/sp/HouseofSpencer24. Let me know if you need any help!,"TextContentBlock(text=Text(annotations=[], value=""Hello! I'm House of Spencer, and yes, we offer a free trial class to get to know our services. You can schedule it at: ğŸ“² https://boxmagic.cl/sp/HouseofSpencer24. Let me know if you need more help!""), type='text')",Hi there! ğŸ˜Š Absolutely! You can book your free trial class here: ğŸ“² https://boxmagic.cl/sp/HouseofSpencer24. Let me know if you need any help!,Absolutely! ğŸ‰ You can book your free trial class here: ğŸ“² https://boxmagic.cl/sp/HouseofSpencer24. Let me know if you need any help!,5,5,5
How much do the classes cost?,"Hey! ğŸ’ª Our classes cost $120,000 CLP for 10 sessions and $220,000 CLP for 20 sessions. ğŸ‹ï¸â€â™‚ï¸ The plans last for 2 months. Do you need more information?","TextContentBlock(text=Text(annotations=[], value=""Hello! I'm House of Spencer. Here are our class prices:\n\n- 10 sessions: $120,000 CLP (2 months)\n- 20 sessions: $220,000 CLP (2 months)\n- 4 sessions: $50,000 CLP (1 month)\n- 8 sessions: $95,000 CLP (1 month)\n- 12 sessions: $138,000 CLP (1 month)\n\nFeel free to ask anything else!""), type='text')","Hey! ğŸ’ª Our classes cost $120,000 CLP for 10 sessions and $220,000 CLP for 20 sessions. ğŸ‹ï¸\u200dâ™‚ï¸ The plans last for 2 months. Do you need more information?","Our classes cost $120,000 CLP for 10 sessions and $220,000 CLP for 20 sessions. ğŸ’ª The plans last for 2 months. ğŸ—“ï¸ Would you like more details?",5,5,5
How much do the classes cost?,"Hey! ğŸ’ª Our classes cost $120,000 CLP for 10 sessions and $220,000 CLP for 20 sessions. ğŸ‹ï¸â€â™‚ï¸ The plans last for 2 months. Do you need more information?","TextContentBlock(text=Text(annotations=[], value=""Hello! I'm House of Spencer. Here are our class prices:\n\n- 4 sessions: $50,000 CLP (1 month)\n- 8 sessions: $95,000 CLP (1 month)\n- 10 sessions: $120,000 CLP (2 months)\n- 12 sessions: $138,000 CLP (1 month)\n- 20 sessions: $220,000 CLP (2 months)\n\nLet me know if you have more questions!""), type='text')","Hey! ğŸ’ª Our classes cost $120,000 CLP for 10 sessions and $220,000 CLP for 20 sessions. ğŸ‹ï¸\u200dâ™‚ï¸ Plans last for 2 months. Need more info?","Our classes cost $120,000 CLP for 10 sessions and $220,000 CLP for 20 sessions. ğŸ‹ï¸\u200dâ™€ï¸ The plans last for 2 months. Do you need more details?",4,5,5
How much do the classes cost?,"Hey! ğŸ’ª Our classes cost $120,000 CLP for 10 sessions and $220,000 CLP for 20 sessions. ğŸ‹ï¸â€â™‚ï¸ The plans last for 2 months. Do you need more information?","Hello! Iâ€™m House of Spencer. Here are our class prices:\n\n- 4 sessions: $50,000 CLP (1 month)\n- 8 sessions: $95,000 CLP (1 month)\n- 10 sessions: $120,000 CLP (2 months)\n- 12 sessions: $138,000 CLP (1 month)\n- 20 sessions: $220,000 CLP (2 months)\n\nLet me know if you have any questions!","Hey! ğŸ’ª Our classes cost $120,000 CLP for 10 sessions and $220,000 CLP for 20 sessions. ğŸ‹ï¸\u200dâ™‚ï¸ The plans last for 2 months. Do you need more information?","Our classes cost $120,000 CLP for 10 sessions and $220,000 CLP for 20 sessions. ğŸ‹ï¸\u200dâ™‚ï¸ The plans last for 2 months. Do you need more information?",4,5,5
How much do the classes cost?,"Hey! ğŸ’ª Our classes cost $120,000 CLP for 10 sessions and $220,000 CLP for 20 sessions. ğŸ‹ï¸â€â™‚ï¸ The plans last for 2 months. Do you need more information?","TextContentBlock(text=Text(annotations=[], value=""Hello! I'm House of Spencer, and I'm here to help you. \n\nHere are our class prices:\n\n- 4 sessions: $50,000 CLP (1 month)\n- 8 sessions: $95,000 CLP (1 month)\n- 10 sessions: $120,000 CLP (2 months)\n- 12 sessions: $138,000 CLP (1 month)\n- 20 sessions: $220,000 CLP (2 months)\n\nLet me know if you have more questions!""), type='text')","Hello! ğŸ’ª Our classes cost $120,000 CLP for 10 sessions and $220,000 CLP for 20 sessions. ğŸ‹ï¸\u200dâ™‚ï¸ The plans last for 2 months. Do you need more information?","We offer classes for $120,000 CLP for 10 sessions and $220,000 CLP for 20 sessions. ğŸ‹ï¸\u200dâ™€ï¸ The plans last for 2 months. Do you want more details?",4,5,5
Can I schedule classes through an app?,Yes! ğŸ“² You can schedule your classes using the BoxMagic app or by visiting https://auth.boxmagic.cl/. It\'s quick and easy! Let me know if you need assistance.,"TextContentBlock(text=Text(annotations=[], value=""Hello! I'm House of Spencer. Yes, you can schedule classes through the BoxMagic app or by visiting https://auth.boxmagic.cl/. If you need more help, feel free to ask!""), type='text')","TextContentBlock(text=Text(annotations=[], value=""Yes! ğŸ“² You can schedule your classes using the BoxMagic app or by visiting https://auth.boxmagic.cl/. It's quick and easy! Let me know if you need assistance.""), type='text')","TextContentBlock(text=Text(annotations=[], value=""Absolutely! ğŸ“² You can schedule your classes using the BoxMagic app or by visiting https://auth.boxmagic.cl/. If you haven't registered yet, download the app and create an account. Let me know if you need help!""), type='text')",5,5,5
Can I schedule classes through an app?,Yes! ğŸ“² You can schedule your classes using the BoxMagic app or by visiting https://auth.boxmagic.cl/. It\'s quick and easy! Let me know if you need assistance.,"Hello! Iâ€™m House of Spencer, and yes, you can schedule classes through the BoxMagic app or directly at https://auth.boxmagic.cl/. If you need help, just let me know!","TextContentBlock(text=Text(annotations=[], value=""Yes! ğŸ“² You can schedule your classes using the BoxMagic app or by visiting https://auth.boxmagic.cl/. It's quick and easy! Let me know if you need assistance.""), type='text')",Absolutely! ğŸ“² You can schedule your classes using the BoxMagic app or by visiting https://auth.boxmagic.cl/. This link will take you to the platform where you can find our classes. Let me know if you need any help!,5,5,5
Can I schedule classes through an app?,Yes! ğŸ“² You can schedule your classes using the BoxMagic app or by visiting https://auth.boxmagic.cl/. It\'s quick and easy! Let me know if you need assistance.,"TextContentBlock(text=Text(annotations=[], value=""Hello! I'm House of Spencer. Yes, you can schedule classes through the BoxMagic app or at https://auth.boxmagic.cl/. Let me know if you need help!""), type='text')","TextContentBlock(text=Text(annotations=[], value=""Yes! ğŸ“² You can schedule your classes using the BoxMagic app or by visiting https://auth.boxmagic.cl/. It's quick and easy! Let me know if you need assistance.""), type='text')",Yes! ğŸ“² You can schedule your classes using the BoxMagic app or by visiting https://auth.boxmagic.cl/. Itâ€™s quick and easy! Let me know if you need any help.,5,5,5
Can I schedule classes through an app?,Yes! ğŸ“² You can schedule your classes using the BoxMagic app or by visiting https://auth.boxmagic.cl/. It\'s quick and easy! Let me know if you need assistance.,"TextContentBlock(text=Text(annotations=[], value=""Hello! I'm House of Spencer. Yes, you can schedule classes through the BoxMagic app or at https://auth.boxmagic.cl/. If you need help, feel free to ask!""), type='text')","TextContentBlock(text=Text(annotations=[], value=""Yes! ğŸ“² You can schedule your classes using the BoxMagic app or by visiting https://auth.boxmagic.cl/. It's quick and easy! Let me know if you need assistance.""), type='text')","Absolutely! ğŸ“± You can schedule your classes using the BoxMagic app or by visiting https://auth.boxmagic.cl/. If you need assistance with the process, just let me know!",5,5,5
Do you have services in nutrition?,"Absolutely! ğŸ You can book our nutrition services here: https://houseofspencer.site.agendapro.com/cl/sucursal/165852. If you have any questions, feel free to ask!","Hello! Iâ€™m House of Spencer. Yes, we offer nutrition services with a nutritionist from the University of Chile. You can schedule a consultation through our AgendaPro link. ","Absolutely! ğŸ You can book our nutrition services here: https://houseofspencer.site.agendapro.com/cl/sucursal/165852. If you have any questions, feel free to ask!","Absolutely! ğŸ You can find our nutrition services here: https://houseofspencer.site.agendapro.com/cl/sucursal/165852. If you have any questions, feel free to ask!",4,5,5
Do you have services in nutrition?,"Absolutely! ğŸ You can book our nutrition services here: https://houseofspencer.site.agendapro.com/cl/sucursal/165852. If you have any questions, feel free to ask!","TextContentBlock(text=Text(annotations=[], value=""Hello! I'm House of Spencer, representing our fitness center. Yes, we offer nutrition services, including consultations, meal planning, and follow-up support. You can schedule them through our AgendaPro site. Let me know if you need more details!""), type='text')","Absolutely! ğŸ You can book our nutrition services here: https://houseofspencer.site.agendapro.com/cl/sucursal/165852. If you have any questions, feel free to ask!","Absolutely! ğŸ You can book our nutrition services here: https://houseofspencer.site.agendapro.com/cl/sucursal/165852. If you have any questions or need assistance, feel free to ask!",4,5,5
Do you have services in nutrition?,"Absolutely! ğŸ You can book our nutrition services here: https://houseofspencer.site.agendapro.com/cl/sucursal/165852. If you have any questions, feel free to ask!","TextContentBlock(text=Text(annotations=[], value=""Hello! I'm House of Spencer, and yes, we offer nutrition services. You can book a consultation with our nutritionist through AgendaPro. Let me know if you need more details!""), type='text')","Absolutely! ğŸ You can book our nutrition services here: https://houseofspencer.site.agendapro.com/cl/sucursal/165852. If you have any questions, feel free to ask!",Absolutely! ğŸ You can book our nutrition services here: https://houseofspencer.site.agendapro.com/cl/sucursal/165852. Let me know if you need any more information!,4,5,5
Do you have services in nutrition?,"Absolutely! ğŸ You can book our nutrition services here: https://houseofspencer.site.agendapro.com/cl/sucursal/165852. If you have any questions, feel free to ask!","TextContentBlock(text=Text(annotations=[], value=""Hi! I'm House of Spencer, representing our training center. Yes, we offer nutrition consulting services. You can schedule a session through AgendaPro. Let me know if you need more details! ğŸâœ¨""), type='text')","Absolutely! ğŸ You can book our nutrition services here: https://houseofspencer.site.agendapro.com/cl/sucursal/165852. If you have any questions, feel free to ask!","Absolutely! ğŸ You can book our nutrition services here: https://houseofspencer.site.agendapro.com/cl/sucursal/165852. If you have any questions, feel free to ask!",4,5,5
Are your prices in US dollars?,"Our prices are in Chilean pesos (CLP). ğŸ’° For example, 10 sessions cost $120,000 CLP. Let me know if you need more details!","TextContentBlock(text=Text(annotations=[], value=""Hello! I'm House of Spencer. Our prices are in Chilean Pesos (CLP). If you have more questions, feel free to ask! ğŸ’ª""), type='text')","Our prices are in Chilean pesos (CLP). ğŸ’° For example, 10 sessions cost $120,000 CLP. Let me know if you need more details!","Our prices are in Chilean pesos (CLP). ğŸ’° For example, 10 sessions cost $120,000 CLP. Let me know if you need more details!",3,5,5
Are your prices in US dollars?,"Our prices are in Chilean pesos (CLP). ğŸ’° For example, 10 sessions cost $120,000 CLP. Let me know if you need more details!","TextContentBlock(text=Text(annotations=[], value=""Hello! I'm House of Spencer, representing our training center. Our prices are in Chilean Pesos (CLP). If you have any questions about pricing or services, feel free to ask!""), type='text')","Our prices are in Chilean pesos (CLP). ğŸ’° For instance, 10 sessions cost $120,000 CLP. Let me know if you need more details!","Our prices are in Chilean pesos (CLP). ğŸ’° For example, 10 sessions cost $120,000 CLP. Let me know if you need more details!",3,4,5
Are your prices in US dollars?,"Our prices are in Chilean pesos (CLP). ğŸ’° For example, 10 sessions cost $120,000 CLP. Let me know if you need more details!","Hello! Iâ€™m House of Spencer. Our prices are in Chilean Pesos (CLP). If you need more information about our services, feel free to ask! ğŸ˜Š","Our prices are in Chilean pesos (CLP). ğŸ’° For example, 10 sessions cost $120,000 CLP. Let me know if you need more details!","Our prices are in Chilean pesos (CLP). ğŸ’° For example, 10 sessions cost $120,000 CLP. Let me know if you need more details!",4,5,4
Are your prices in US dollars?,"Our prices are in Chilean pesos (CLP). ğŸ’° For example, 10 sessions cost $120,000 CLP. Let me know if you need more details!","TextContentBlock(text=Text(annotations=[], value=""Hello! I'm House of Spencer, representing our training center. Our prices are in Chilean Pesos (CLP). If you need more information about our services, let me know! ğŸ˜Š""), type='text')","Our prices are in Chilean pesos (CLP). ğŸ’° For example, 10 sessions cost $120,000 CLP. Let me know if you need more details!","Our prices are in Chilean pesos (CLP). ğŸ’° For example, 10 sessions cost $120,000 CLP. Let me know if you need more details!",4,5,4
